#,Thermostat,identifier,3.15696E+11,,,,,,,,,,,,,,,,,
#,Thermostat,name,My ecobee3,,,,,,,,,,,,,,,,,
#,Start,date,7/9/2016,,,,,,,,,,,,,,,,,
#,End,date,7/11/2016,,,,,,,,,,,,,,,,,
,,,,,,,,,,,,,,,,,,,,
Date,Time,System Setting,System Mode,Calendar Event,Program Mode,Cool Set Temp (F),Heat Set Temp (F),Current Temp (F),Current Humidity (%RH),Outdoor Temp (F),Wind Speed (km/h),Cool Stage 1 (sec),Heat Stage 1 (sec),Fan (sec),DM Offset,Thermostat Temperature (F),Thermostat Humidity (%RH),Thermostat Motion,Lil'bee (F),Lil'bee2
7/9/2016,0:00:00,cool,compressorCoolStage1On,,Sleep,74,64,75.4,56,66.9,8,300,0,300,,67.9,56,0,75.4,0
7/9/2016,0:05:00,cool,compressorCoolStage1On,,Sleep,74,64,75.2,56,66.9,8,300,0,300,,67.7,56,1,75.2,0
7/9/2016,0:10:00,cool,compressorCoolStage1On,,Sleep,74,64,75,56,66.9,8,300,0,300,,67.6,56,0,75,0
7/9/2016,0:15:00,cool,compressorCoolStage1On,,Sleep,74,64,75,56,66.9,8,300,0,300,,67.5,56,1,75,0
7/9/2016,0:20:00,cool,compressorCoolStage1On,,Sleep,74,64,74.8,56,66.9,8,300,0,300,,67.5,56,1,74.8,0
7/9/2016,0:25:00,cool,compressorCoolStage1On,,Sleep,74,64,74.8,56,66.9,8,300,0,300,,67.5,56,1,74.8,1
7/9/2016,0:30:00,cool,compressorCoolStage1On,,Sleep,74,64,74.8,56,66.5,9,300,0,300,,67.4,56,0,74.8,1
7/9/2016,0:35:00,cool,compressorCoolStage1On,,Sleep,74,64,75,56,66.5,9,300,0,300,,67.3,56,0,75,1
7/9/2016,0:40:00,cool,compressorCoolStage1On,,Sleep,74,64,75.2,55,66.5,9,300,0,300,,67.2,55,0,75.2,0
7/9/2016,0:45:00,cool,compressorCoolStage1On,,Sleep,74,64,75.2,54,66.5,9,300,0,300,,67.1,54,0,75.2,0
7/9/2016,0:50:00,cool,compressorCoolStage1On,,Sleep,74,64,75.2,54,66.5,9,300,0,300,,66.9,54,0,75.2,0
7/9/2016,0:55:00,cool,compressorCoolStage1On,,Sleep,74,64,75.1,54,66.5,9,300,0,300,,66.7,54,0,75.1,0
7/9/2016,1:00:00,cool,compressorCoolStage1On,,Sleep,74,64,75,54,66.1,9,300,0,300,,66.5,54,1,75,0
7/9/2016,1:05:00,cool,compressorCoolStage1On,,Sleep,74,64,74.9,54,66.1,9,300,0,300,,66.4,54,0,74.9,0
7/9/2016,1:10:00,cool,compressorCoolStage1On,,Sleep,74,64,74.8,54,66.1,9,300,0,300,,66.3,54,0,74.8,0
7/9/2016,1:15:00,cool,compressorCoolStage1On,,Sleep,74,64,74.8,54,66.1,9,300,0,300,,66.2,54,0,74.8,0
7/9/2016,1:20:00,cool,compressorCoolStage1On,,Sleep,74,64,74.7,53,66.1,9,300,0,300,,66.1,53,0,74.7,0
7/9/2016,1:25:00,cool,compressorCoolStage1On,,Sleep,74,64,74.5,53,66.1,9,300,0,300,,66,53,0,74.5,0
7/9/2016,1:30:00,cool,compressorCoolStage1On,,Sleep,74,64,74.5,53,66.8,11,300,0,300,,65.8,53,0,74.5,0
7/9/2016,1:35:00,cool,compressorCoolStage1On,,Sleep,74,64,74.5,54,66.8,11,300,0,300,,65.5,54,0,74.5,0
7/9/2016,1:40:00,cool,compressorCoolStage1On,,Sleep,74,64,74.5,53,66.8,11,300,0,300,,65.4,53,0,74.5,0
7/9/2016,1:45:00,cool,compressorCoolStage1On,,Sleep,74,64,74.3,54,66.8,11,300,0,300,,65.3,54,1,74.3,0
7/9/2016,1:50:00,cool,compressorCoolStage1On,,Sleep,74,64,74.1,54,66.8,11,300,0,300,,65.1,54,0,74.1,0
7/9/2016,1:55:00,cool,compressorCoolStage1On,,Sleep,74,64,74.1,54,66.8,11,300,0,300,,65.1,54,0,74.1,0
7/9/2016,2:00:00,cool,compressorCoolStage1On,,Sleep,74,64,74,54,65.9,10,150,0,195,,64.9,54,0,74,0
7/9/2016,2:05:00,cool,compressorCoolOff,,Sleep,74,64,73.9,55,65.9,10,0,0,0,,64.8,55,1,73.9,0
7/9/2016,2:10:00,cool,compressorCoolOff,,Sleep,74,64,73.9,56,65.9,10,0,0,0,,65.2,56,0,73.9,0
7/9/2016,2:15:00,cool,compressorCoolOff,,Sleep,74,64,74,55,65.9,10,0,0,0,,65.5,55,0,74,0
7/9/2016,2:20:00,cool,compressorCoolOff,,Sleep,74,64,74.2,55,65.9,10,0,0,0,,65.8,55,0,74.2,0
7/9/2016,2:25:00,cool,compressorCoolOff,,Sleep,74,64,74.4,55,65.9,10,180,0,180,,65.9,55,1,74.4,0
7/9/2016,2:30:00,cool,compressorCoolStage1On,,Sleep,74,64,74.5,55,65.4,12,300,0,300,,65.8,55,0,74.5,0
7/9/2016,2:35:00,cool,compressorCoolStage1On,,Sleep,74,64,74.2,56,65.4,12,300,0,300,,65.4,56,1,74.2,0
7/9/2016,2:40:00,cool,compressorCoolStage1On,,Sleep,74,64,73.9,56,65.4,12,135,0,180,,65.1,56,0,73.9,0
7/9/2016,2:45:00,cool,compressorCoolOff,,Sleep,74,64,73.9,56,65.4,12,0,0,0,,65,56,0,73.9,0
7/9/2016,2:50:00,cool,compressorCoolOff,,Sleep,74,64,73.9,57,65.4,12,0,0,0,,65.3,57,0,73.9,0
7/9/2016,2:55:00,cool,compressorCoolOff,,Sleep,74,64,74,57,65.4,12,0,0,0,,65.5,57,0,74,0
7/9/2016,3:00:00,cool,compressorCoolOff,,Sleep,74,64,74.2,57,66,12,0,0,0,,65.7,57,0,74.2,0
7/9/2016,3:05:00,cool,compressorCoolOff,,Sleep,74,64,74.3,57,66,12,0,0,0,,65.7,57,0,74.3,0
7/9/2016,3:10:00,cool,compressorCoolOff,,Sleep,74,64,74.3,57,66,12,135,0,135,,65.8,57,1,74.3,0
7/9/2016,3:15:00,cool,compressorCoolStage1On,,Sleep,74,64,74.5,57,66,12,300,0,300,,65.8,57,0,74.5,0
7/9/2016,3:20:00,cool,compressorCoolStage1On,,Sleep,74,64,74.3,57,66,12,300,0,300,,65.5,57,0,74.3,0
7/9/2016,3:25:00,cool,compressorCoolStage1On,,Sleep,74,64,74.1,56,66,12,300,0,300,,65.1,56,0,74.1,0
7/9/2016,3:30:00,cool,compressorCoolStage1On,,Sleep,74,64,74,56,65.1,12,225,0,270,,64.8,56,0,74,0
7/9/2016,3:35:00,cool,compressorCoolOff,,Sleep,74,64,73.7,56,65.1,12,0,0,0,,64.5,56,0,73.7,0
7/9/2016,3:40:00,cool,compressorCoolOff,,Sleep,74,64,73.7,57,65.1,12,0,0,0,,64.7,57,0,73.7,0
7/9/2016,3:45:00,cool,compressorCoolOff,,Sleep,74,64,73.7,57,65.1,12,0,0,0,,64.9,57,0,73.7,0
7/9/2016,3:50:00,cool,compressorCoolOff,,Sleep,74,64,73.9,57,65.1,12,0,0,0,,65.1,57,0,73.9,0
7/9/2016,3:55:00,cool,compressorCoolOff,,Sleep,74,64,73.9,57,65.1,12,0,0,0,,65.3,57,0,73.9,0
7/9/2016,4:00:00,cool,compressorCoolOff,,Sleep,74,64,74.1,58,63.3,9,0,0,0,,65.3,58,0,74.1,0
7/9/2016,4:05:00,cool,compressorCoolOff,,Sleep,74,64,74.1,58,63.3,9,0,0,0,,65.4,58,0,74.1,0
7/9/2016,4:10:00,cool,compressorCoolOff,,Sleep,74,64,74.1,58,63.3,9,0,0,0,,65.5,58,0,74.1,0
7/9/2016,4:15:00,cool,compressorCoolOff,,Sleep,74,64,74.2,58,63.3,9,0,0,0,,65.5,58,0,74.2,0
7/9/2016,4:20:00,cool,compressorCoolOff,,Sleep,74,64,74.3,58,63.3,9,0,0,0,,65.5,58,0,74.3,0
7/9/2016,4:25:00,cool,compressorCoolOff,,Sleep,74,64,74.3,58,63.3,9,0,0,0,,65.4,58,1,74.3,0
7/9/2016,4:30:00,cool,compressorCoolOff,,Sleep,74,64,74.3,59,62.5,6,0,0,0,,65.5,59,1,74.3,0
7/9/2016,4:35:00,cool,compressorCoolOff,,Sleep,74,64,74.4,60,62.5,6,195,0,195,,65.5,60,1,74.4,0
7/9/2016,4:40:00,cool,compressorCoolStage1On,,Sleep,74,64,74.3,59,62.5,6,300,0,300,,65.3,59,0,74.3,0
7/9/2016,4:45:00,cool,compressorCoolStage1On,,Sleep,74,64,74,59,62.5,6,105,0,150,,64.9,59,0,74,0
7/9/2016,4:50:00,cool,compressorCoolOff,,Sleep,74,64,73.8,59,62.5,6,0,0,0,,64.7,59,0,73.8,0
7/9/2016,4:55:00,cool,compressorCoolOff,,Sleep,74,64,73.7,60,62.5,6,0,0,0,,64.7,60,0,73.7,0
7/9/2016,5:00:00,cool,compressorCoolOff,,Sleep,74,64,73.9,60,61.9,8,0,0,0,,64.9,60,1,73.9,0
7/9/2016,5:05:00,cool,compressorCoolOff,,Sleep,74,64,73.9,60,61.9,8,0,0,0,,65.1,60,0,73.9,0
7/9/2016,5:10:00,cool,compressorCoolOff,,Sleep,74,64,74.1,60,61.9,8,0,0,0,,65.1,60,0,74.1,0
7/9/2016,5:15:00,cool,compressorCoolOff,,Sleep,74,64,74.1,60,61.9,8,0,0,0,,65.2,60,0,74.1,0
7/9/2016,5:20:00,cool,compressorCoolOff,,Sleep,74,64,74.1,60,61.9,8,0,0,0,,65.2,60,0,74.1,0
7/9/2016,5:25:00,cool,compressorCoolOff,,Sleep,74,64,74.1,60,61.9,8,0,0,0,,65.2,60,0,74.1,0
7/9/2016,5:30:00,cool,compressorCoolOff,,Sleep,74,64,74.1,60,61.8,6,0,0,0,,65.3,60,1,74.1,0
7/9/2016,5:35:00,cool,compressorCoolOff,,Sleep,74,64,74.1,60,61.8,6,0,0,0,,65.4,60,1,74.1,0
7/9/2016,5:40:00,cool,compressorCoolOff,,Sleep,74,64,74.1,60,61.8,6,0,0,0,,65.3,60,0,74.1,0
7/9/2016,5:45:00,cool,compressorCoolOff,,Sleep,74,64,74.1,61,61.8,6,0,0,0,,65.3,61,0,74.1,0
7/9/2016,5:50:00,cool,compressorCoolOff,,Sleep,74,64,74.3,61,61.8,6,0,0,0,,65.3,61,1,74.3,0
7/9/2016,5:55:00,cool,compressorCoolOff,,Sleep,74,64,74.3,61,61.8,6,0,0,0,,65.3,61,1,74.3,0
7/9/2016,6:00:00,cool,compressorCoolOff,,Sleep,74,64,74.3,61,61.7,5,0,0,0,,65.4,61,0,74.3,0
7/9/2016,6:05:00,cool,compressorCoolOff,,Sleep,74,64,74.3,61,61.7,5,0,0,0,,65.4,61,0,74.3,0
7/9/2016,6:10:00,cool,compressorCoolOff,,Sleep,74,64,74.3,61,61.7,5,0,0,0,,65.4,61,1,74.3,0
7/9/2016,6:15:00,cool,compressorCoolOff,,Sleep,74,64,74.3,61,61.7,5,0,0,0,,65.3,61,0,74.3,0
7/9/2016,6:20:00,cool,compressorCoolOff,,Sleep,74,64,74.3,61,61.7,5,0,0,0,,65.4,61,0,74.3,0
7/9/2016,6:25:00,cool,compressorCoolOff,,Sleep,74,64,74.3,61,61.7,5,0,0,0,,65.4,61,0,74.3,0
7/9/2016,6:30:00,cool,compressorCoolOff,,Sleep,74,64,74.3,61,62.8,8,0,0,0,,65.4,61,0,74.3,0
7/9/2016,6:35:00,cool,compressorCoolOff,,Sleep,74,64,74.3,61,62.8,8,0,0,0,,65.3,61,0,74.3,0
7/9/2016,6:40:00,cool,compressorCoolOff,,Sleep,74,64,74.3,61,62.8,8,0,0,0,,65.3,61,0,74.3,0
7/9/2016,6:45:00,cool,compressorCoolOff,,Sleep,74,64,74.3,62,62.8,8,0,0,0,,65.2,62,0,74.3,0
7/9/2016,6:50:00,cool,compressorCoolOff,,Sleep,74,64,74.3,62,62.8,8,0,0,0,,65.3,62,0,74.3,0
7/9/2016,6:55:00,cool,compressorCoolOff,,Sleep,74,64,74.3,63,62.8,8,0,0,0,,65.3,63,0,74.3,0
7/9/2016,7:00:00,cool,compressorCoolOff,,Sleep,74,64,74.3,63,63.5,10,0,0,0,,65.3,63,0,74.3,0
7/9/2016,7:05:00,cool,compressorCoolOff,,Sleep,74,64,74.3,63,63.5,10,0,0,0,,65.4,63,0,74.3,0
7/9/2016,7:10:00,cool,compressorCoolOff,,Sleep,74,64,74.3,63,63.5,10,0,0,0,,65.3,63,0,74.3,0
7/9/2016,7:15:00,cool,compressorCoolOff,,Sleep,74,64,74.3,63,63.5,10,0,0,0,,65.3,63,0,74.3,0
7/9/2016,7:20:00,cool,compressorCoolOff,,Sleep,74,64,74.3,63,63.5,10,0,0,0,,65.3,63,0,74.3,0
7/9/2016,7:25:00,cool,compressorCoolOff,,Sleep,74,64,74.3,63,63.5,10,0,0,0,,65.4,63,0,74.3,0
7/9/2016,7:30:00,cool,compressorCoolOff,,Sleep,74,64,74.3,63,65,9,0,0,0,,65.4,63,0,74.3,0
7/9/2016,7:35:00,cool,compressorCoolOff,,Sleep,74,64,74.3,63,65,9,0,0,0,,65.3,63,0,74.3,0
7/9/2016,7:40:00,cool,compressorCoolOff,,Sleep,74,64,74.3,63,65,9,0,0,0,,65.3,63,0,74.3,0
7/9/2016,7:45:00,cool,compressorCoolOff,,Sleep,74,64,74.3,62,65,9,0,0,0,,65.4,62,0,74.3,0
7/9/2016,7:50:00,cool,compressorCoolOff,,Sleep,74,64,74.4,57,65,9,150,0,150,,67.3,57,0,74.4,1
7/9/2016,7:55:00,cool,compressorCoolStage1On,,Sleep,74,64,74.4,54,65,9,300,0,300,,69,54,0,74.4,1
7/9/2016,8:00:00,cool,compressorCoolStage1On,,Sleep,74,64,74,52,66.1,9,135,0,180,,69.6,52,0,74,0
7/9/2016,8:05:00,cool,compressorCoolOff,,Sleep,74,64,73.7,52,66.1,9,0,0,0,,69.7,52,0,73.7,0
7/9/2016,8:10:00,cool,compressorCoolOff,,Sleep,74,64,73.7,52,66.1,9,0,0,0,,70,52,0,73.7,0
7/9/2016,8:15:00,cool,compressorCoolOff,,Sleep,74,64,73.7,52,66.1,9,0,0,0,,70.4,52,0,73.7,1
7/9/2016,8:20:00,cool,compressorCoolOff,,Sleep,74,64,73.7,52,66.1,9,0,0,0,,70.6,52,0,73.7,1
7/9/2016,8:25:00,cool,compressorCoolOff,,Sleep,74,64,73.6,52,66.1,9,0,0,0,,70.8,52,0,73.8,1
7/9/2016,8:30:00,cool,compressorCoolOff,,Sleep,74,64,73.2,52,66.9,9,0,0,0,,71,52,1,73.8,0
7/9/2016,8:35:00,cool,compressorCoolOff,,Sleep,74,64,72.7,52,66.9,9,0,0,0,,71.2,52,0,73.7,0
7/9/2016,8:40:00,cool,compressorCoolOff,,Sleep,74,64,72.3,52,66.9,9,0,0,0,,71.3,52,0,73.7,0
7/9/2016,8:45:00,cool,compressorCoolOff,,Sleep,74,64,72,52,66.9,9,0,0,0,,71.4,52,1,73.7,0
7/9/2016,8:50:00,cool,compressorCoolOff,,Sleep,74,64,71.7,52,66.9,9,0,0,0,,71.5,52,0,73.7,0
7/9/2016,8:55:00,cool,compressorCoolOff,,Sleep,75.3,66.6,71.6,52,66.9,9,0,0,0,,71.6,52,1,73.7,0
7/9/2016,9:00:00,cool,compressorCoolOff,,Home,76,68,71.6,52,68.1,13,0,0,0,,71.6,52,0,73.7,0
7/9/2016,9:05:00,cool,compressorCoolOff,,Home,76,68,71.7,53,68.1,13,0,0,0,,71.7,53,0,73.7,0
7/9/2016,9:10:00,cool,compressorCoolOff,,Home,76,68,71.7,53,68.1,13,0,0,0,,71.7,53,0,73.7,0
7/9/2016,9:15:00,cool,compressorCoolOff,,Home,76,68,71.7,54,68.1,13,0,0,0,,71.7,54,0,73.7,0
7/9/2016,9:20:00,cool,compressorCoolOff,,Home,76,68,71.7,54,68.1,13,0,0,0,,71.7,54,0,73.7,0
7/9/2016,9:25:00,cool,compressorCoolOff,,Home,76,68,71.7,55,68.1,13,0,0,0,,71.7,55,0,73.7,0
7/9/2016,9:30:00,cool,compressorCoolOff,,Home,76,68,71.8,55,68.9,11,0,0,0,,71.8,55,0,73.7,0
7/9/2016,9:35:00,cool,compressorCoolOff,,Home,76,68,71.8,55,68.9,11,0,0,0,,71.8,55,0,73.7,0
7/9/2016,9:40:00,cool,compressorCoolOff,,Home,76,68,71.9,55,68.9,11,0,0,0,,71.9,55,0,73.7,0
7/9/2016,9:45:00,cool,compressorCoolOff,,Home,76,68,71.9,55,68.9,11,0,0,0,,71.9,55,0,73.6,0
7/9/2016,9:50:00,cool,compressorCoolOff,,Home,76,68,72,56,68.9,11,0,0,0,,72,56,0,73.5,0
7/9/2016,9:55:00,cool,compressorCoolOff,,Home,76,68,72,56,68.9,11,0,0,0,,72,56,0,73.5,0
7/9/2016,10:00:00,cool,compressorCoolOff,,Home,76,68,72,56,70.8,12,0,0,0,,72,56,1,73.5,0
7/9/2016,10:05:00,cool,compressorCoolOff,,Home,76,68,72,56,70.8,12,0,0,0,,72,56,0,73.6,0
7/9/2016,10:10:00,cool,compressorCoolOff,,Home,76,68,72.1,56,70.8,12,0,0,0,,72.1,56,0,73.5,0
7/9/2016,10:15:00,cool,compressorCoolOff,,Home,76,68,72.2,56,70.8,12,0,0,0,,72.2,56,0,73.5,0
7/9/2016,10:20:00,cool,compressorCoolOff,,Home,76,68,72.1,56,70.8,12,0,0,0,,72.1,56,1,73.5,0
7/9/2016,10:25:00,cool,compressorCoolOff,,Home,76,68,72.2,56,70.8,12,0,0,0,,72.2,56,0,73.5,0
7/9/2016,10:30:00,cool,compressorCoolOff,,Home,76,68,72.2,56,72,11,0,0,0,,72.2,56,0,73.5,0
7/9/2016,10:35:00,cool,compressorCoolOff,,Home,76,68,72.3,56,72,11,0,0,0,,72.3,56,0,73.5,0
7/9/2016,10:40:00,cool,compressorCoolOff,,Home,76,68,72.4,56,72,11,0,0,0,,72.4,56,0,73.5,0
7/9/2016,10:45:00,cool,compressorCoolOff,,Home,76,68,72.4,56,72,11,0,0,0,,72.4,56,1,73.5,0
7/9/2016,10:50:00,cool,compressorCoolOff,,Home,76,68,72.3,55,72,11,0,0,0,,72.3,55,0,73.5,0
7/9/2016,10:55:00,cool,compressorCoolOff,,Home,76,68,72.3,55,72,11,0,0,0,,72.3,55,0,73.5,0
7/9/2016,11:00:00,cool,compressorCoolOff,,Home,76,68,72.4,55,73.5,8,0,0,0,,72.4,55,0,73.5,0
7/9/2016,11:05:00,cool,compressorCoolOff,,Home,76,68,72.4,55,73.5,8,0,0,0,,72.4,55,0,73.5,1
7/9/2016,11:10:00,cool,compressorCoolOff,,Home,76,68,72.4,55,73.5,8,0,0,0,,72.4,55,0,73.6,1
7/9/2016,11:15:00,cool,compressorCoolOff,,Home,76,68,72.4,55,73.5,8,0,0,0,,72.4,55,0,73.7,1
7/9/2016,11:20:00,cool,compressorCoolOff,,Home,76,68,72.5,55,73.5,8,0,0,0,,72.5,55,0,73.7,1
7/9/2016,11:25:00,cool,compressorCoolOff,,Home,76,68,72.6,55,73.5,8,0,0,0,,72.6,55,0,73.7,1
7/9/2016,11:30:00,cool,compressorCoolOff,,Home,76,68,72.7,55,74.2,8,0,0,0,,72.7,55,1,73.7,0
7/9/2016,11:35:00,cool,compressorCoolOff,,Home,76,68,72.8,55,74.2,8,0,0,0,,72.8,55,1,73.7,0
7/9/2016,11:40:00,cool,compressorCoolOff,,Home,76,68,72.9,56,74.2,8,0,0,0,,72.9,56,1,73.5,0
7/9/2016,11:45:00,cool,compressorCoolOff,,Home,76,68,73,56,74.2,8,0,0,0,,73,56,1,73.6,0
7/9/2016,11:50:00,cool,compressorCoolOff,,Home,76,68,73,56,74.2,8,0,0,0,,73,56,1,73.7,0
7/9/2016,11:55:00,cool,compressorCoolOff,,Home,76,68,73,56,74.2,8,0,0,0,,73,56,0,73.7,0
7/9/2016,12:00:00,cool,compressorCoolOff,,Home,76,68,73,57,75.2,8,0,0,0,,73,57,0,73.7,0
7/9/2016,12:05:00,cool,compressorCoolOff,,Home,76,68,73.1,58,75.2,8,0,0,0,,73.1,58,0,73.7,0
7/9/2016,12:10:00,cool,compressorCoolOff,,Home,76,68,73.1,59,75.2,8,0,0,0,,73.1,59,0,73.7,0
7/9/2016,12:15:00,cool,compressorCoolOff,,Home,76,68,73.2,60,75.2,8,0,0,0,,73.2,60,0,73.7,0
7/9/2016,12:20:00,cool,compressorCoolOff,,Home,76,68,73.3,61,75.2,8,0,0,0,,73.3,61,0,73.7,0
7/9/2016,12:25:00,cool,compressorCoolOff,,Home,76,68,73.4,60,75.2,8,0,0,0,,73.4,60,1,73.7,0
7/9/2016,12:30:00,cool,compressorCoolOff,,Home,76,68,73.6,60,76.1,5,0,0,0,,73.6,60,0,73.7,0
7/9/2016,12:35:00,cool,compressorCoolOff,,Home,76,68,73.7,59,76.1,5,0,0,0,,73.7,59,0,73.7,0
7/9/2016,12:40:00,cool,compressorCoolOff,,Home,76,68,73.8,59,76.1,5,0,0,0,,73.8,59,0,73.7,1
7/9/2016,12:45:00,cool,compressorCoolOff,,Home,76,68,73.8,58,76.1,5,0,0,0,,73.8,58,0,73.7,1
7/9/2016,12:50:00,cool,compressorCoolOff,,Home,76,68,73.9,58,76.1,5,0,0,0,,73.9,58,1,73.9,1
7/9/2016,12:55:00,cool,compressorCoolOff,,Home,76,68,74.1,58,76.1,5,0,0,0,,74.1,58,0,73.9,1
7/9/2016,13:00:00,cool,compressorCoolOff,,Home,76,68,74.2,58,76.7,4,0,0,0,,74.2,58,0,74.1,0
7/9/2016,13:05:00,cool,compressorCoolOff,,Home,76,68,74.2,56,76.7,4,0,0,0,,74.2,56,0,74.1,0
7/9/2016,13:10:00,cool,compressorCoolOff,,Home,76,68,74.2,56,76.7,4,0,0,0,,74.2,56,0,74.1,0
7/9/2016,13:15:00,cool,compressorCoolOff,,Home,76,68,74.3,56,76.7,4,0,0,0,,74.3,56,0,74.3,0
7/9/2016,13:20:00,cool,compressorCoolOff,,Home,76,68,74.2,56,76.7,4,0,0,0,,74.2,56,0,74.3,0
7/9/2016,13:25:00,cool,compressorCoolOff,,Home,76,68,74.3,56,76.7,4,0,0,0,,74.3,56,0,74.3,0
7/9/2016,13:30:00,cool,compressorCoolOff,,Home,76,68,74.3,56,77.4,8,0,0,0,,74.3,56,0,74.3,0
7/9/2016,13:35:00,cool,compressorCoolOff,,Home,76,68,74.3,56,77.4,8,0,0,0,,74.3,56,0,74.3,0
7/9/2016,13:40:00,cool,compressorCoolOff,,Home,76,68,74.3,55,77.4,8,0,0,0,,74.3,55,0,74.5,0
7/9/2016,13:45:00,cool,compressorCoolOff,,Home,76,68,74.4,55,77.4,8,0,0,0,,74.4,55,0,74.5,0
7/9/2016,13:50:00,cool,compressorCoolOff,,Home,76,68,74.4,55,77.4,8,0,0,0,,74.4,55,0,74.5,0
7/9/2016,13:55:00,cool,compressorCoolOff,,Home,76,68,74.4,55,77.4,8,0,0,0,,74.4,55,0,74.5,0
7/9/2016,14:00:00,cool,compressorCoolOff,,Home,76,68,74.4,55,77.8,9,0,0,0,,74.4,55,0,74.5,0
7/9/2016,14:05:00,cool,compressorCoolOff,,Home,76,68,74.4,55,77.8,9,0,0,0,,74.4,55,0,74.6,0
7/9/2016,14:10:00,cool,compressorCoolOff,,Home,76,68,74.5,55,77.8,9,0,0,0,,74.5,55,0,74.8,0
7/9/2016,14:15:00,cool,compressorCoolOff,,Home,76,68,74.5,55,77.8,9,0,0,0,,74.5,55,0,74.8,0
7/9/2016,14:20:00,cool,compressorCoolOff,,Home,76,68,74.5,55,77.8,9,0,0,0,,74.5,55,0,74.8,0
7/9/2016,14:25:00,cool,compressorCoolOff,,Home,76,68,74.5,55,77.8,9,0,0,0,,74.5,55,0,75,0
7/9/2016,14:30:00,cool,compressorCoolOff,,Home,76,68,74.6,55,77.7,6,0,0,0,,74.6,55,0,75,0
7/9/2016,14:35:00,cool,compressorCoolOff,,Home,76,68,74.6,55,77.7,6,0,0,0,,74.6,55,0,75,0
7/9/2016,14:40:00,cool,compressorCoolOff,,Home,76,68,74.6,53,77.7,6,0,0,0,,74.6,53,1,75.4,0
7/9/2016,14:45:00,cool,compressorCoolOff,,Home,76,68,74.7,54,77.7,6,0,0,0,,74.7,54,1,75.4,0
7/9/2016,14:50:00,cool,compressorCoolOff,,Home,76,68,74.8,55,77.7,6,0,0,0,,74.8,55,0,75.6,0
7/9/2016,14:55:00,cool,compressorCoolOff,,Home,76,68,74.9,55,77.7,6,0,0,0,,74.9,55,0,75.6,0
7/9/2016,15:00:00,cool,compressorCoolOff,,Home,76,68,74.9,55,78.8,9,0,0,0,,74.9,55,0,75.6,0
7/9/2016,15:05:00,cool,compressorCoolOff,,Home,76,68,75,55,78.8,9,0,0,0,,75,55,0,75.6,0
7/9/2016,15:10:00,cool,compressorCoolOff,,Home,76,68,75,55,78.8,9,0,0,0,,75,55,0,75.6,0
7/9/2016,15:15:00,cool,compressorCoolOff,,Home,76,68,75,55,78.8,9,0,0,0,,75,55,0,75.7,0
7/9/2016,15:20:00,cool,compressorCoolOff,,Home,76,68,75,55,78.8,9,0,0,0,,75,55,0,75.8,0
7/9/2016,15:25:00,cool,compressorCoolOff,,Home,76,68,75,55,78.8,9,0,0,0,,75,55,0,76,0
7/9/2016,15:30:00,cool,compressorCoolOff,,Home,76,68,75.1,55,78.5,3,0,0,0,,75.1,55,0,76.1,0
7/9/2016,15:35:00,cool,compressorCoolOff,,Home,76,68,75.1,54,78.5,3,0,0,0,,75.1,54,0,76.2,0
7/9/2016,15:40:00,cool,compressorCoolOff,,Home,76,68,75.1,53,78.5,3,0,0,0,,75.1,53,0,76.3,0
7/9/2016,15:45:00,cool,compressorCoolOff,,Home,76,68,75.2,53,78.5,3,0,0,0,,75.2,53,0,76.4,0
7/9/2016,15:50:00,cool,compressorCoolOff,,Home,76,68,75.2,53,78.5,3,0,0,0,,75.2,53,0,76.5,0
7/9/2016,15:55:00,off,compressorCoolOff,,Home,76,68,75.3,53,78.5,3,0,0,0,,75.3,53,0,76.6,0
7/9/2016,16:00:00,off,heatOff,,Home,76,68,75.3,54,78.8,8,0,0,0,,75.3,54,0,76.7,0
7/9/2016,16:05:00,off,heatOff,,Home,76,68,75.4,54,78.8,8,0,0,0,,75.4,54,0,76.8,0
7/9/2016,16:10:00,off,heatOff,,Home,76,68,75.4,54,78.8,8,0,0,0,,75.4,54,0,76.9,0
7/9/2016,16:15:00,off,heatOff,,Home,76,68,75.5,52,78.8,8,0,0,0,,75.5,52,0,77,0
7/9/2016,16:20:00,off,heatOff,,Home,76,68,75.5,52,78.8,8,0,0,0,,75.5,52,0,77,0
7/9/2016,16:25:00,off,heatOff,,Home,76,68,75.6,52,78.8,8,0,0,0,,75.6,52,0,77.1,0
7/9/2016,16:30:00,off,heatOff,,Home,76,68,75.6,52,78.8,9,0,0,0,,75.6,52,0,77.2,0
7/9/2016,16:35:00,off,heatOff,,Home,76,68,75.7,52,78.8,9,0,0,0,,75.7,52,0,77.3,0
7/9/2016,16:40:00,off,heatOff,,Home,76,68,75.7,52,78.8,9,0,0,0,,75.7,52,0,77.4,0
7/9/2016,16:45:00,off,heatOff,,Home,76,68,75.7,52,78.8,9,0,0,0,,75.7,52,0,77.5,0
7/9/2016,16:50:00,off,heatOff,,Home,76,68,75.8,52,78.8,9,0,0,0,,75.8,52,0,77.6,0
7/9/2016,16:55:00,off,heatOff,,Home,76,68,75.8,52,78.8,9,0,0,0,,75.8,52,0,77.6,0
7/9/2016,17:00:00,off,heatOff,,Home,76,68,75.8,52,78.7,10,0,0,0,,75.8,52,0,77.8,0
7/9/2016,17:05:00,off,heatOff,,Home,76,68,75.8,52,78.7,10,0,0,0,,75.8,52,0,77.8,0
7/9/2016,17:10:00,off,heatOff,,Home,76,68,75.8,52,78.7,10,0,0,0,,75.8,52,1,78,0
7/9/2016,17:15:00,off,heatOff,,Home,76,68,75.8,52,78.7,10,0,0,0,,75.8,52,0,78,0
7/9/2016,17:20:00,off,heatOff,,Home,76,68,75.8,52,78.7,10,0,0,0,,75.8,52,0,78.1,0
7/9/2016,17:25:00,off,heatOff,,Home,76,68,75.8,52,78.7,10,0,0,0,,75.8,52,0,78.2,0
7/9/2016,17:30:00,off,heatOff,,Home,76,68,75.9,52,78.5,9,0,0,0,,75.9,52,0,78.2,0
7/9/2016,17:35:00,off,heatOff,,Home,76,68,75.9,52,78.5,9,0,0,0,,75.9,52,0,78.2,0
7/9/2016,17:40:00,off,heatOff,,Home,76,68,75.9,52,78.5,9,0,0,0,,75.9,52,0,78.2,0
7/9/2016,17:45:00,off,heatOff,,Home,76,68,75.9,52,78.5,9,0,0,0,,75.9,52,0,78.2,0
7/9/2016,17:50:00,off,heatOff,,Home,76,68,75.9,52,78.5,9,0,0,0,,75.9,52,0,78.2,0
7/9/2016,17:55:00,off,heatOff,,Home,76,68,76,52,78.5,9,0,0,0,,76,52,0,78.2,0
7/9/2016,18:00:00,off,heatOff,,Home,76,68,76.1,52,78.5,9,0,0,0,,76.1,52,0,78.3,0
7/9/2016,18:05:00,off,heatOff,,Home,76,68,76.1,52,78.5,9,0,0,0,,76.1,52,0,78.4,0
7/9/2016,18:10:00,off,heatOff,,Home,76,68,76.1,52,78.5,9,0,0,0,,76.1,52,0,78.5,0
7/9/2016,18:15:00,off,heatOff,,Home,76,68,76.1,52,78.5,9,0,0,0,,76.1,52,0,78.5,0
7/9/2016,18:20:00,off,heatOff,,Home,76,68,76.1,51,78.5,9,0,0,0,,76.1,51,0,78.5,0
7/9/2016,18:25:00,off,heatOff,,Home,76,68,76.1,50,78.5,9,0,0,0,,76.1,50,0,78.5,0
7/9/2016,18:30:00,off,heatOff,,Home,76,68,76.1,51,78.5,9,0,0,0,,76.1,51,0,78.5,0
7/9/2016,18:35:00,off,heatOff,,Home,76,68,76.1,51,78.5,9,0,0,0,,76.1,51,0,78.5,0
7/9/2016,18:40:00,off,heatOff,,Home,76,68,76.1,50,78.5,9,0,0,0,,76.1,50,0,78.5,0
7/9/2016,18:45:00,off,heatOff,,Home,76,68,76.2,50,78.5,9,0,0,0,,76.2,50,0,78.5,0
7/9/2016,18:50:00,off,heatOff,,Home,76,68,76.2,50,78.5,9,0,0,0,,76.2,50,0,78.5,0
7/9/2016,18:55:00,off,heatOff,,Home,76,68,76.2,50,78.5,9,0,0,0,,76.2,50,0,78.5,0
7/9/2016,19:00:00,off,heatOff,,Home,76,68,76.2,50,77.1,5,0,0,0,,76.2,50,0,78.5,0
7/9/2016,19:05:00,off,heatOff,,Home,76,68,76.2,50,77.1,5,0,0,0,,76.2,50,0,78.5,0
7/9/2016,19:10:00,off,heatOff,,Home,76,68,76.3,50,77.1,5,0,0,0,,76.3,50,0,78.5,0
7/9/2016,19:15:00,off,heatOff,,Home,76,68,76.3,50,77.1,5,0,0,0,,76.3,50,0,78.5,0
7/9/2016,19:20:00,off,heatOff,,Home,76,68,76.3,50,77.1,5,0,0,0,,76.3,50,0,78.5,0
7/9/2016,19:25:00,off,heatOff,,Home,76,68,76.3,50,77.1,5,0,0,0,,76.3,50,0,78.7,0
7/9/2016,19:30:00,off,heatOff,,Home,76,68,76.4,50,76.6,5,0,0,0,,76.4,50,0,78.7,0
7/9/2016,19:35:00,off,heatOff,,Home,76,68,76.4,50,76.6,5,0,0,0,,76.4,50,0,78.7,0
7/9/2016,19:40:00,off,heatOff,,Home,76,68,76.5,50,76.6,5,0,0,0,,76.5,50,0,78.7,0
7/9/2016,19:45:00,off,heatOff,,Home,76,68,76.5,50,76.6,5,0,0,0,,76.5,50,0,78.7,0
7/9/2016,19:50:00,off,heatOff,,Home,76,68,76.5,50,76.6,5,0,0,0,,76.5,50,0,78.7,0
7/9/2016,19:55:00,off,heatOff,,Home,76,68,76.5,50,76.6,5,0,0,0,,76.5,50,1,78.7,0
7/9/2016,20:00:00,off,heatOff,,Home,76,68,76.5,52,74.9,5,0,0,0,,76.5,52,0,78.7,0
7/9/2016,20:05:00,off,heatOff,,Home,76,68,76.5,53,74.9,5,0,0,0,,76.5,53,0,78.7,0
7/9/2016,20:10:00,off,heatOff,,Home,76,68,76.5,53,74.9,5,0,0,0,,76.5,53,0,78.7,0
7/9/2016,20:15:00,off,heatOff,,Home,76,68,76.5,53,74.9,5,0,0,0,,76.5,53,0,78.7,0
7/9/2016,20:20:00,off,heatOff,,Home,76,68,76.6,53,74.9,5,0,0,0,,76.6,53,0,78.7,0
7/9/2016,20:25:00,off,heatOff,,Home,76,68,76.7,53,74.9,5,0,0,0,,76.7,53,0,78.7,0
7/9/2016,20:30:00,off,heatOff,,Home,76,68,76.7,55,71,8,0,0,0,,76.7,55,0,78.7,0
7/9/2016,20:35:00,off,heatOff,,Home,76,68,76.8,55,71,8,0,0,0,,76.8,55,0,78.7,0
7/9/2016,20:40:00,off,heatOff,,Home,76,68,76.8,55,71,8,0,0,0,,76.8,55,0,78.7,0
7/9/2016,20:45:00,off,heatOff,,Home,76,68,76.9,55,71,8,0,0,0,,76.9,55,0,78.7,0
7/9/2016,20:50:00,off,heatOff,,Home,76,68,77,54,71,8,0,0,0,,77,54,0,78.7,0
7/9/2016,20:55:00,off,heatOff,,Home,76,68,77,54,71,8,0,0,0,,77,54,0,78.7,0
7/9/2016,21:00:00,off,heatOff,,Home,76,68,77,55,69.7,6,0,0,0,,77,55,0,78.7,0
7/9/2016,21:05:00,off,heatOff,,Home,76,68,77,56,69.7,6,0,0,0,,77,56,0,78.7,0
7/9/2016,21:10:00,off,heatOff,,Home,76,68,77.1,55,69.7,6,0,0,0,,77.1,55,1,78.7,0
7/9/2016,21:15:00,off,heatOff,,Home,76,68,77,54,69.7,6,0,0,0,,77,54,0,78.7,0
7/9/2016,21:20:00,off,heatOff,,Home,76,68,77,55,69.7,6,0,0,0,,77,55,0,78.7,0
7/9/2016,21:25:00,off,heatOff,,Home,76,68,77,55,69.7,6,0,0,0,,77,55,1,78.7,0
7/9/2016,21:30:00,off,heatOff,,Home,76,68,77.1,54,67.9,6,0,0,0,,77.1,54,0,78.7,0
7/9/2016,21:35:00,off,heatOff,,Home,76,68,77.1,55,67.9,6,0,0,0,,77.1,55,0,78.7,0
7/9/2016,21:40:00,off,heatOff,,Home,76,68,77.2,54,67.9,6,0,0,0,,77.2,54,0,78.7,0
7/9/2016,21:45:00,off,heatOff,,Home,76,68,77.1,55,67.9,6,0,0,0,,77.1,55,1,78.5,0
7/9/2016,21:50:00,off,heatOff,,Home,76,68,77,55,67.9,6,0,0,0,,77,55,0,78.5,0
7/9/2016,21:55:00,off,heatOff,,Home,76,68,76.9,54,67.9,6,0,0,0,,76.9,54,0,78.5,1
7/9/2016,22:00:00,off,heatOff,,Home,76,68,76.8,53,66.3,6,0,0,0,,76.8,53,0,78.3,1
7/9/2016,22:05:00,off,heatOff,,Home,76,68,76.6,53,66.3,6,0,0,0,,76.6,53,0,78.3,1
7/9/2016,22:10:00,off,heatOff,,Home,76,68,76.5,53,66.3,6,0,0,0,,76.5,53,0,78.2,1
7/9/2016,22:15:00,off,heatOff,,Home,76,68,76.3,53,66.3,6,0,0,0,,76.3,53,0,77.9,1
7/9/2016,22:20:00,off,heatOff,,Home,76,68,76.3,53,66.3,6,0,0,0,,76.3,53,0,77.8,0
7/9/2016,22:25:00,off,heatOff,,Home,76,68,76.3,53,66.3,6,0,0,0,,76.2,53,0,77.7,0
7/9/2016,22:30:00,off,heatOff,,Home,76,68,76.3,52,65.1,5,0,0,0,,76.1,52,0,77.5,0
7/9/2016,22:35:00,off,heatOff,,Home,76,68,76.5,52,65.1,5,0,0,0,,76.1,52,0,77.4,0
7/9/2016,22:40:00,off,heatOff,,Home,76,68,76.6,52,65.1,5,0,0,0,,75.9,52,0,77.3,0
7/9/2016,22:45:00,off,heatOff,,Home,76,68,76.7,52,65.1,5,0,0,0,,75.9,52,0,77.2,0
7/9/2016,22:50:00,off,heatOff,,Home,76,68,76.8,52,65.1,5,0,0,0,,75.8,52,0,77.1,0
7/9/2016,22:55:00,off,heatOff,,Home,74.7,65.4,76.9,52,65.1,5,0,0,0,,75.8,52,0,77,0
7/9/2016,23:00:00,off,heatOff,,Sleep,74,64,76.9,51,63.8,6,0,0,0,,75.7,51,0,76.9,0
7/9/2016,23:05:00,off,heatOff,,Sleep,74,64,76.8,50,63.8,6,0,0,0,,75.6,50,0,76.8,0
7/9/2016,23:10:00,off,heatOff,,Sleep,74,64,76.7,51,63.8,6,0,0,0,,75.6,51,0,76.7,0
7/9/2016,23:15:00,off,heatOff,,Sleep,74,64,76.6,50,63.8,6,0,0,0,,75.5,50,0,76.6,0
7/9/2016,23:20:00,off,heatOff,,Sleep,74,64,76.4,50,63.8,6,0,0,0,,75.5,50,0,76.4,0
7/9/2016,23:25:00,off,heatOff,,Sleep,74,64,76.3,50,63.8,6,0,0,0,,75.5,50,0,76.3,0
7/9/2016,23:30:00,off,heatOff,,Sleep,74,64,76.3,50,63.4,5,0,0,0,,75.5,50,0,76.3,1
7/9/2016,23:35:00,off,heatOff,,Sleep,74,64,76.3,50,63.4,5,0,0,0,,75.5,50,0,76.3,1
7/9/2016,23:40:00,off,heatOff,,Sleep,74,64,76.5,50,63.4,5,0,0,0,,75.6,50,0,76.5,1
7/9/2016,23:45:00,off,heatOff,,Sleep,74,64,76.7,50,63.4,5,0,0,0,,75.7,50,0,76.7,0
7/9/2016,23:50:00,off,heatOff,,Sleep,74,64,76.9,50,63.4,5,0,0,0,,75.7,50,0,76.9,0
7/9/2016,23:55:00,off,heatOff,,Sleep,74,64,76.9,50,63.4,5,0,0,0,,75.8,50,0,76.9,0
7/10/2016,0:00:00,off,heatOff,,Sleep,74,64,76.9,50,63.7,4,0,0,0,,75.9,50,0,76.9,0
7/10/2016,0:05:00,off,heatOff,,Sleep,74,64,76.9,50,63.7,4,0,0,0,,75.9,50,0,76.9,0
7/10/2016,0:10:00,off,heatOff,,Sleep,74,64,76.9,50,63.7,4,0,0,0,,75.9,50,0,76.9,0
7/10/2016,0:15:00,off,heatOff,,Sleep,74,64,76.8,50,63.7,4,0,0,0,,75.9,50,0,76.8,0
7/10/2016,0:20:00,off,heatOff,,Sleep,74,64,76.7,50,63.7,4,0,0,0,,75.9,50,0,76.7,0
7/10/2016,0:25:00,off,heatOff,,Sleep,74,64,76.7,50,63.7,4,0,0,0,,76,50,0,76.7,0
7/10/2016,0:30:00,off,heatOff,,Sleep,74,64,76.6,50,62.9,5,0,0,0,,76,50,0,76.6,0
7/10/2016,0:35:00,off,heatOff,,Sleep,74,64,76.5,50,62.9,5,0,0,0,,76,50,0,76.5,0
7/10/2016,0:40:00,off,heatOff,,Sleep,74,64,76.5,50,62.9,5,0,0,0,,75.9,50,0,76.5,0
7/10/2016,0:45:00,off,heatOff,,Sleep,74,64,76.5,50,62.9,5,0,0,0,,75.9,50,0,76.5,0
7/10/2016,0:50:00,off,heatOff,,Sleep,74,64,76.4,50,62.9,5,0,0,0,,75.9,50,0,76.4,0
7/10/2016,0:55:00,off,heatOff,,Sleep,74,64,76.3,50,62.9,5,0,0,0,,75.9,50,0,76.3,0
7/10/2016,1:00:00,off,heatOff,,Sleep,74,64,76.3,50,61.6,0,0,0,0,,75.9,50,0,76.3,0
7/10/2016,1:05:00,off,heatOff,,Sleep,74,64,76.3,50,61.6,0,0,0,0,,75.8,50,0,76.3,0
7/10/2016,1:10:00,off,heatOff,,Sleep,74,64,76.3,50,61.6,0,0,0,0,,75.8,50,0,76.3,0
7/10/2016,1:15:00,off,heatOff,,Sleep,74,64,76.3,50,61.6,0,0,0,0,,75.8,50,0,76.3,0
7/10/2016,1:20:00,off,heatOff,,Sleep,74,64,76.2,50,61.6,0,0,0,0,,75.7,50,0,76.2,0
7/10/2016,1:25:00,,,,,,,,,61.6,0,,,,,,,,,
7/10/2016,1:30:00,,,,,,,,,60.5,3,,,,,,,,,
7/10/2016,1:35:00,,,,,,,,,60.5,3,,,,,,,,,
7/10/2016,1:40:00,,,,,,,,,60.5,3,,,,,,,,,
7/10/2016,1:45:00,off,heatOff,,Sleep,74,64,75.7,51,60.5,3,0,0,0,,75.5,51,0,76.1,0
7/10/2016,1:50:00,off,heatOff,,Sleep,74,64,75.8,51,60.5,3,0,0,0,,75.4,51,0,76.1,0
7/10/2016,1:55:00,off,heatOff,,Sleep,74,64,75.8,51,60.5,3,0,0,0,,75.3,51,0,75.9,0
7/10/2016,2:00:00,off,heatOff,,Sleep,74,64,75.8,52,60.4,3,0,0,0,,75.3,52,0,75.9,0
7/10/2016,2:05:00,off,heatOff,,Sleep,74,64,75.9,52,60.4,3,0,0,0,,75.2,52,0,75.9,0
7/10/2016,2:10:00,off,heatOff,,Sleep,74,64,75.8,52,60.4,3,0,0,0,,75.2,52,0,75.8,0
7/10/2016,2:15:00,off,heatOff,,Sleep,74,64,75.8,52,60.4,3,0,0,0,,75.2,52,0,75.8,0
7/10/2016,2:20:00,off,heatOff,,Sleep,74,64,75.9,52,60.4,3,0,0,0,,75.2,52,0,75.9,0
7/10/2016,2:25:00,off,heatOff,,Sleep,74,64,75.8,52,60.4,3,0,0,0,,75.2,52,0,75.8,0
7/10/2016,2:30:00,off,heatOff,,Sleep,74,64,75.8,52,60.6,0,0,0,0,,75.2,52,0,75.8,0
7/10/2016,2:35:00,off,heatOff,,Sleep,74,64,75.6,52,60.6,0,0,0,0,,75.2,52,0,75.6,0
7/10/2016,2:40:00,off,heatOff,,Sleep,74,64,75.6,52,60.6,0,0,0,0,,75.2,52,0,75.6,0
7/10/2016,2:45:00,off,heatOff,,Sleep,74,64,75.6,52,60.6,0,0,0,0,,75.2,52,0,75.6,0
7/10/2016,2:50:00,off,heatOff,,Sleep,74,64,75.6,52,60.6,0,0,0,0,,75.1,52,0,75.6,0
7/10/2016,2:55:00,off,heatOff,,Sleep,74,64,75.6,52,60.6,0,0,0,0,,75.1,52,0,75.6,0
7/10/2016,3:00:00,,,,,,,,,60.8,0,,,,,,,,,
7/10/2016,3:05:00,,,,,,,,,60.8,0,,,,,,,,,
7/10/2016,3:10:00,,,,,,,,,60.8,0,,,,,,,,,
7/10/2016,3:15:00,,,,,,,,,60.8,0,,,,,,,,,
7/10/2016,3:20:00,,,,,,,,,60.8,0,,,,,,,,,
7/10/2016,3:25:00,off,heatOff,,Sleep,74,64,75.1,52,60.8,0,0,0,0,,75,52,0,75.3,0
7/10/2016,3:30:00,off,heatOff,,Sleep,74,64,75.1,52,58.8,4,0,0,0,,75,52,0,75.2,0
7/10/2016,3:35:00,off,heatOff,,Sleep,74,64,75.1,52,58.8,4,0,0,0,,75,52,0,75.2,0
7/10/2016,3:40:00,off,heatOff,,Sleep,74,64,75.1,52,58.8,4,0,0,0,,75,52,0,75.2,0
7/10/2016,3:45:00,off,heatOff,,Sleep,74,64,75.2,52,58.8,4,0,0,0,,75,52,0,75.2,0
7/10/2016,3:50:00,off,heatOff,,Sleep,74,64,75.2,52,58.8,4,0,0,0,,75,52,0,75.2,0
7/10/2016,3:55:00,off,heatOff,,Sleep,74,64,75,52,58.8,4,0,0,0,,74.9,52,0,75,0
7/10/2016,4:00:00,off,heatOff,,Sleep,74,64,75,52,58.6,4,0,0,0,,74.9,52,0,75,1
7/10/2016,4:05:00,off,heatOff,,Sleep,74,64,74.8,52,58.6,4,0,0,0,,74.8,52,0,74.8,1
7/10/2016,4:10:00,off,heatOff,,Sleep,74,64,74.8,52,58.6,4,0,0,0,,74.7,52,0,74.8,0
7/10/2016,4:15:00,off,heatOff,,Sleep,74,64,74.7,52,58.6,4,0,0,0,,74.6,52,0,74.7,0
7/10/2016,4:20:00,off,heatOff,,Sleep,74,64,74.6,52,58.6,4,0,0,0,,74.6,52,0,74.6,0
7/10/2016,4:25:00,off,heatOff,,Sleep,74,64,74.5,52,58.6,4,0,0,0,,74.6,52,0,74.5,0
7/10/2016,4:30:00,off,heatOff,,Sleep,74,64,74.5,52,57.7,0,0,0,0,,74.6,52,0,74.5,0
7/10/2016,4:35:00,off,heatOff,,Sleep,74,64,74.5,52,57.7,0,0,0,0,,74.6,52,0,74.5,0
7/10/2016,4:40:00,off,heatOff,,Sleep,74,64,74.5,53,57.7,0,0,0,0,,74.6,53,0,74.5,0
7/10/2016,4:45:00,off,heatOff,,Sleep,74,64,74.5,53,57.7,0,0,0,0,,74.5,53,0,74.5,0
7/10/2016,4:50:00,off,heatOff,,Sleep,74,64,74.4,53,57.7,0,0,0,0,,74.4,53,0,74.4,0
7/10/2016,4:55:00,off,heatOff,,Sleep,74,64,74.2,53,57.7,0,0,0,0,,74.3,53,0,74.2,0
7/10/2016,5:00:00,off,heatOff,,Sleep,74,64,74.1,53,57.6,0,0,0,0,,74.3,53,0,74.1,0
7/10/2016,5:05:00,off,heatOff,,Sleep,74,64,74.1,53,57.6,0,0,0,0,,74.4,53,0,74.1,0
7/10/2016,5:10:00,off,heatOff,,Sleep,74,64,74.1,53,57.6,0,0,0,0,,74.4,53,0,74.1,0
7/10/2016,5:15:00,off,heatOff,,Sleep,74,64,74,53,57.6,0,0,0,0,,74.4,53,0,74,0
7/10/2016,5:20:00,off,heatOff,,Sleep,74,64,73.9,53,57.6,0,0,0,0,,74.3,53,0,73.9,0
7/10/2016,5:25:00,off,heatOff,,Sleep,74,64,73.9,53,57.6,0,0,0,0,,74.2,53,0,73.9,0
7/10/2016,5:30:00,off,heatOff,,Sleep,74,64,73.9,53,59,0,0,0,0,,74.1,53,0,73.9,0
7/10/2016,5:35:00,off,heatOff,,Sleep,74,64,73.9,53,59,0,0,0,0,,74.1,53,0,73.9,0
7/10/2016,5:40:00,off,heatOff,,Sleep,74,64,73.7,53,59,0,0,0,0,,74.1,53,0,73.7,0
7/10/2016,5:45:00,off,heatOff,,Sleep,74,64,73.7,53,59,0,0,0,0,,74.1,53,0,73.7,0
7/10/2016,5:50:00,off,heatOff,,Sleep,74,64,73.7,53,59,0,0,0,0,,74.1,53,0,73.7,0
7/10/2016,5:55:00,off,heatOff,,Sleep,74,64,73.7,53,59,0,0,0,0,,74,53,0,73.7,0
7/10/2016,6:00:00,off,heatOff,,Sleep,74,64,73.5,53,58.3,0,0,0,0,,73.9,53,0,73.5,0
7/10/2016,6:05:00,off,heatOff,,Sleep,74,64,73.5,53,58.3,0,0,0,0,,73.9,53,0,73.5,0
7/10/2016,6:10:00,off,heatOff,,Sleep,74,64,73.5,53,58.3,0,0,0,0,,73.9,53,0,73.5,0
7/10/2016,6:15:00,off,heatOff,,Sleep,74,64,73.5,53,58.3,0,0,0,0,,73.9,53,0,73.5,0
7/10/2016,6:20:00,off,heatOff,,Sleep,74,64,73.5,53,58.3,0,0,0,0,,73.9,53,0,73.5,0
7/10/2016,6:25:00,off,heatOff,,Sleep,74,64,73.5,53,58.3,0,0,0,0,,73.9,53,0,73.5,0
7/10/2016,6:30:00,off,heatOff,,Sleep,74,64,73.4,53,59.8,3,0,0,0,,73.8,53,0,73.4,0
7/10/2016,6:35:00,off,heatOff,,Sleep,74,64,73.4,53,59.8,3,0,0,0,,73.7,53,0,73.4,0
7/10/2016,6:40:00,off,heatOff,,Sleep,74,64,73.4,53,59.8,3,0,0,0,,73.7,53,0,73.4,0
7/10/2016,6:45:00,off,heatOff,,Sleep,74,64,73.4,53,59.8,3,0,0,0,,73.7,53,0,73.4,0
7/10/2016,6:50:00,off,heatOff,,Sleep,74,64,73.4,53,59.8,3,0,0,0,,73.7,53,0,73.4,0
7/10/2016,6:55:00,off,heatOff,,Sleep,74,64,73.4,53,59.8,3,0,0,0,,73.7,53,0,73.4,0
7/10/2016,7:00:00,off,heatOff,,Sleep,74,64,73.4,53,60.6,0,0,0,0,,73.6,53,0,73.4,0
7/10/2016,7:05:00,off,heatOff,,Sleep,74,64,73.4,53,60.6,0,0,0,0,,73.5,53,0,73.4,0
7/10/2016,7:10:00,off,heatOff,,Sleep,74,64,73.4,53,60.6,0,0,0,0,,73.5,53,0,73.4,0
7/10/2016,7:15:00,off,heatOff,,Sleep,74,64,73.4,53,60.6,0,0,0,0,,73.5,53,0,73.4,0
7/10/2016,7:20:00,off,heatOff,,Sleep,74,64,73.4,53,60.6,0,0,0,0,,73.5,53,0,73.4,0
7/10/2016,7:25:00,off,heatOff,,Sleep,74,64,73.4,53,60.6,0,0,0,0,,73.5,53,0,73.4,0
7/10/2016,7:30:00,off,heatOff,,Sleep,74,64,73.5,53,64.3,3,0,0,0,,73.4,53,0,73.5,0
7/10/2016,7:35:00,off,heatOff,,Sleep,74,64,73.5,53,64.3,3,0,0,0,,73.3,53,0,73.5,0
7/10/2016,7:40:00,off,heatOff,,Sleep,74,64,73.5,53,64.3,3,0,0,0,,73.2,53,0,73.5,0
7/10/2016,7:45:00,off,heatOff,,Sleep,74,64,73.5,53,64.3,3,0,0,0,,73.3,53,0,73.5,0
7/10/2016,7:50:00,off,heatOff,,Sleep,74,64,73.5,53,64.3,3,0,0,0,,73.3,53,0,73.5,0
7/10/2016,7:55:00,off,heatOff,,Sleep,74,64,73.6,53,64.3,3,0,0,0,,73.4,53,0,73.6,0
7/10/2016,8:00:00,off,heatOff,,Sleep,74,64,73.7,53,66.2,4,0,0,0,,73.4,53,0,73.7,0
7/10/2016,8:05:00,off,heatOff,,Sleep,74,64,73.7,53,66.2,4,0,0,0,,73.4,53,0,73.7,0
7/10/2016,8:10:00,off,heatOff,,Sleep,74,64,73.7,53,66.2,4,0,0,0,,73.3,53,0,73.7,1
7/10/2016,8:15:00,off,heatOff,,Sleep,74,64,73.7,53,66.2,4,0,0,0,,73.4,53,0,73.7,1
7/10/2016,8:20:00,off,heatOff,,Sleep,74,64,73.7,53,66.2,4,0,0,0,,73.4,53,0,73.7,0
7/10/2016,8:25:00,off,heatOff,,Sleep,74,64,73.6,53,66.2,4,0,0,0,,73.4,53,0,73.7,1
7/10/2016,8:30:00,off,heatOff,,Sleep,74,64,73.7,53,68.6,5,0,0,0,,73.5,53,0,73.9,1
7/10/2016,8:35:00,off,heatOff,,Sleep,74,64,73.6,54,68.6,5,0,0,0,,73.4,54,0,73.8,1
7/10/2016,8:40:00,off,heatOff,,Sleep,74,64,73.4,55,68.6,5,0,0,0,,73.4,55,0,73.4,0
7/10/2016,8:45:00,off,heatOff,,Sleep,74,64,73.3,55,68.6,5,0,0,0,,73.3,55,0,73.4,0
7/10/2016,8:50:00,off,heatOff,,Sleep,74,64,73.3,55,68.6,5,0,0,0,,73.3,55,0,73.4,0
7/10/2016,8:55:00,off,heatOff,,Sleep,75.7,67.4,73.4,55,68.6,5,0,0,0,,73.4,55,0,73.4,0
7/10/2016,9:00:00,off,heatOff,,Home,76,68,73.4,55,70.4,6,0,0,0,,73.4,55,0,73.2,0
7/10/2016,9:05:00,off,heatOff,,Home,76,68,73.4,55,70.4,6,0,0,0,,73.4,55,0,73.3,0
7/10/2016,9:10:00,off,heatOff,,Home,76,68,73.4,55,70.4,6,0,0,0,,73.4,55,1,73.2,0
7/10/2016,9:15:00,off,heatOff,,Home,76,68,73.4,55,70.4,6,0,0,0,,73.4,55,0,73.2,0
7/10/2016,9:20:00,off,heatOff,,Home,76,68,73.4,55,70.4,6,0,0,0,,73.4,55,0,73.2,1
7/10/2016,9:25:00,off,heatOff,,Home,76,68,73.5,55,70.4,6,0,0,0,,73.5,55,0,73.4,0
7/10/2016,9:30:00,off,heatOff,,Home,76,68,73.6,55,72.3,9,0,0,0,,73.6,55,0,73.4,0
7/10/2016,9:35:00,off,heatOff,,Home,76,68,73.6,55,72.3,9,0,0,0,,73.6,55,1,73.4,0
7/10/2016,9:40:00,off,heatOff,,Home,76,68,73.7,55,72.3,9,0,0,0,,73.7,55,1,73.4,0
7/10/2016,9:45:00,off,heatOff,,Home,76,68,73.7,55,72.3,9,0,0,0,,73.7,55,1,73.4,0
7/10/2016,9:50:00,off,heatOff,,Home,76,68,73.7,55,72.3,9,0,0,0,,73.7,55,0,73.4,0
7/10/2016,9:55:00,off,heatOff,,Home,76,68,73.8,56,72.3,9,0,0,0,,73.8,56,1,73.4,0
7/10/2016,10:00:00,off,heatOff,,Home,76,68,73.9,58,73.1,9,0,0,0,,73.9,58,0,73.4,0
7/10/2016,10:05:00,off,heatOff,,Home,76,68,74,58,73.1,9,0,0,0,,74,58,0,73.4,0
7/10/2016,10:10:00,off,heatOff,,Home,76,68,74.1,58,73.1,9,0,0,0,,74.1,58,1,73.4,0
7/10/2016,10:15:00,off,heatOff,,Home,76,68,74.1,59,73.1,9,0,0,0,,74.1,59,0,73.4,0
7/10/2016,10:20:00,off,heatOff,,Home,76,68,74.2,59,73.1,9,0,0,0,,74.2,59,0,73.4,0
7/10/2016,10:25:00,off,heatOff,,Home,76,68,74.2,59,73.1,9,0,0,0,,74.2,59,0,73.5,0
7/10/2016,10:30:00,off,heatOff,,Home,76,68,74.2,59,75.1,10,0,0,0,,74.2,59,0,73.5,0
7/10/2016,10:35:00,off,heatOff,,Home,76,68,74.3,59,75.1,10,0,0,0,,74.3,59,0,73.5,0
7/10/2016,10:40:00,off,heatOff,,Home,76,68,74.3,57,75.1,10,0,0,0,,74.3,57,0,73.5,0
7/10/2016,10:45:00,off,heatOff,,Home,76,68,74.3,57,75.1,10,0,0,0,,74.3,57,0,73.5,0
7/10/2016,10:50:00,off,heatOff,,Home,76,68,74.4,57,75.1,10,0,0,0,,74.4,57,1,73.6,0
7/10/2016,10:55:00,off,heatOff,,Home,76,68,74.5,59,75.1,10,0,0,0,,74.5,59,0,73.7,0
7/10/2016,11:00:00,off,heatOff,,Home,76,68,74.6,59,75.6,11,0,0,0,,74.6,59,0,73.7,0
7/10/2016,11:05:00,off,heatOff,,Home,76,68,74.6,60,75.6,11,0,0,0,,74.6,60,0,73.7,1
7/10/2016,11:10:00,off,heatOff,,Home,76,68,74.7,60,75.6,11,0,0,0,,74.7,60,0,73.9,1
7/10/2016,11:15:00,off,heatOff,,Home,76,68,74.8,59,75.6,11,0,0,0,,74.8,59,0,73.9,0
7/10/2016,11:20:00,off,heatOff,,Home,76,68,74.9,59,75.6,11,0,0,0,,74.9,59,1,73.9,0
7/10/2016,11:25:00,off,heatOff,,Home,76,68,74.9,59,75.6,11,0,0,0,,74.9,59,0,74.1,0
7/10/2016,11:30:00,off,heatOff,,Home,76,68,75,59,76.2,10,0,0,0,,75,59,0,74.1,0
7/10/2016,11:35:00,off,heatOff,,Home,76,68,75,57,76.2,10,0,0,0,,75,57,0,74.1,0
7/10/2016,11:40:00,off,heatOff,,Home,76,68,75,57,76.2,10,0,0,0,,75,57,0,74.1,0
7/10/2016,11:45:00,off,heatOff,,Home,76,68,75,57,76.2,10,0,0,0,,75,57,0,74.1,0
7/10/2016,11:50:00,off,heatOff,,Home,76,68,75,57,76.2,10,0,0,0,,75,57,0,74.1,0
7/10/2016,11:55:00,off,heatOff,,Home,76,68,75,57,76.2,10,0,0,0,,75,57,0,74.3,1
7/10/2016,12:00:00,off,heatOff,,Home,76,68,75,57,76.7,10,0,0,0,,75,57,0,74.3,1
7/10/2016,12:05:00,off,heatOff,,Home,76,68,75,57,76.7,10,0,0,0,,75,57,0,74.5,0
7/10/2016,12:10:00,off,heatOff,,Home,76,68,75,58,76.7,10,0,0,0,,75,58,1,74.5,0
7/10/2016,12:15:00,off,heatOff,,Home,76,68,75,58,76.7,10,0,0,0,,75,58,0,74.5,0
7/10/2016,12:20:00,off,heatOff,,Home,76,68,75.1,59,76.7,10,0,0,0,,75.1,59,0,74.5,0
7/10/2016,12:25:00,off,heatOff,,Home,76,68,75.1,59,76.7,10,0,0,0,,75.1,59,0,74.6,0
7/10/2016,12:30:00,off,heatOff,,Home,76,68,75.1,59,76.9,6,0,0,0,,75.1,59,0,74.6,0
7/10/2016,12:35:00,off,heatOff,,Home,76,68,75.2,59,76.9,6,0,0,0,,75.2,59,0,74.6,0
7/10/2016,12:40:00,off,heatOff,,Home,76,68,75.3,59,76.9,6,0,0,0,,75.3,59,0,74.8,0
7/10/2016,12:45:00,off,heatOff,,Home,76,68,75.3,59,76.9,6,0,0,0,,75.3,59,0,74.8,0
7/10/2016,12:50:00,off,heatOff,,Home,76,68,75.4,59,76.9,6,0,0,0,,75.4,59,0,74.8,0
7/10/2016,12:55:00,off,heatOff,,Home,76,68,75.5,59,76.9,6,0,0,0,,75.5,59,0,74.8,0
7/10/2016,13:00:00,off,heatOff,,Home,76,68,75.6,58,78,6,0,0,0,,75.6,58,1,74.8,0
7/10/2016,13:05:00,off,heatOff,,Home,76,68,75.6,57,78,6,0,0,0,,75.6,57,0,74.8,0
7/10/2016,13:10:00,off,heatOff,,Home,76,68,75.6,58,78,6,0,0,0,,75.6,58,1,75,0
7/10/2016,13:15:00,off,heatOff,,Home,76,68,75.6,58,78,6,0,0,0,,75.6,58,0,75,0
7/10/2016,13:20:00,off,heatOff,,Home,76,68,75.6,59,78,6,0,0,0,,75.6,59,0,75.2,0
7/10/2016,13:25:00,off,heatOff,,Home,76,68,75.7,59,78,6,0,0,0,,75.7,59,0,75.2,1
7/10/2016,13:30:00,off,heatOff,,Home,76,68,75.7,59,77,9,0,0,0,,75.7,59,1,75.4,1
7/10/2016,13:35:00,off,heatOff,,Home,76,68,73.8,64,77,9,0,0,0,,73.8,64,1,75.4,1
7/10/2016,13:40:00,off,heatOff,,Home,76,68,71.1,69,77,9,0,0,0,,71.1,69,1,75.6,0
7/10/2016,13:45:00,off,heatOff,,Home,76,68,70.2,71,77,9,0,0,0,,70.2,71,1,75.6,0
7/10/2016,13:50:00,off,heatOff,,Home,76,68,69.8,72,77,9,0,0,0,,69.8,72,1,75.6,0
7/10/2016,13:55:00,off,heatOff,,Home,76,68,69.7,72,77,9,0,0,0,,69.7,72,1,75.8,0
7/10/2016,14:00:00,off,heatOff,,Home,76,68,69.7,72,78.7,11,0,0,0,,69.7,72,1,75.9,0
7/10/2016,14:05:00,off,heatOff,,Home,76,68,69.7,72,78.7,11,0,0,0,,69.7,72,1,75.9,0
7/10/2016,14:10:00,off,heatOff,,Home,76,68,69.7,72,78.7,11,0,0,0,,69.7,72,1,75.9,0
7/10/2016,14:15:00,off,heatOff,,Home,76,68,69.7,72,78.7,11,0,0,0,,69.7,72,1,75.9,0
7/10/2016,14:20:00,off,heatOff,,Home,76,68,69.8,72,78.7,11,0,0,0,,69.8,72,1,75.9,0
7/10/2016,14:25:00,off,heatOff,,Home,76,68,69.7,72,78.7,11,0,0,0,,69.7,72,1,75.9,0
7/10/2016,14:30:00,off,heatOff,,Home,76,68,69.7,72,78.8,9,0,0,0,,69.7,72,1,76,0
7/10/2016,14:35:00,off,heatOff,,Home,76,68,69.7,72,78.8,9,0,0,0,,69.7,72,1,76.1,0
7/10/2016,14:40:00,off,heatOff,,Home,76,68,69.7,72,78.8,9,0,0,0,,69.7,72,1,76.2,0
7/10/2016,14:45:00,off,heatOff,,Home,76,68,69.8,72,78.8,9,0,0,0,,69.8,72,1,76.3,0
7/10/2016,14:50:00,off,heatOff,,Home,76,68,69.8,71,78.8,9,0,0,0,,69.8,71,1,76.3,0
7/10/2016,14:55:00,off,heatOff,,Home,76,68,69.7,71,78.8,9,0,0,0,,69.7,71,1,76.3,0
7/10/2016,15:00:00,off,heatOff,,Home,76,68,69.7,71,77.9,6,0,0,0,,69.7,71,1,76.4,0
7/10/2016,15:05:00,off,heatOff,,Home,76,68,69.7,71,77.9,6,0,0,0,,69.7,71,1,76.5,0
7/10/2016,15:10:00,off,heatOff,,Home,76,68,69.7,71,77.9,6,0,0,0,,69.7,71,1,76.5,0
7/10/2016,15:15:00,off,heatOff,,Home,76,68,70,71,77.9,6,0,0,0,,70,71,1,76.5,0
7/10/2016,15:20:00,off,heatOff,,Home,76,68,70.1,71,77.9,6,0,0,0,,70.1,71,1,76.5,0
7/10/2016,15:25:00,off,heatOff,,Home,76,68,70.1,71,77.9,6,0,0,0,,70.1,71,1,76.6,1
7/10/2016,15:30:00,off,heatOff,,Home,76,68,70.1,71,77.6,8,0,0,0,,70.1,71,1,76.7,1
7/10/2016,15:35:00,off,heatOff,,Home,76,68,70.2,71,77.6,8,0,0,0,,70.2,71,1,76.8,1
7/10/2016,15:40:00,off,heatOff,,Home,76,68,70.2,71,77.6,8,0,0,0,,70.2,71,1,76.9,1
7/10/2016,15:45:00,off,heatOff,,Home,76,68,70.2,71,77.6,8,0,0,0,,70.2,71,1,76.9,0
7/10/2016,15:50:00,off,heatOff,,Home,76,68,70.2,71,77.6,8,0,0,0,,70.2,71,1,77,0
7/10/2016,15:55:00,off,heatOff,,Home,76,68,70.2,71,77.6,8,0,0,0,,70.2,71,1,77,0
7/10/2016,16:00:00,off,heatOff,,Home,76,68,70.3,71,77.6,5,0,0,0,,70.3,71,1,77,0
7/10/2016,16:05:00,off,heatOff,,Home,76,68,70.3,71,77.6,5,0,0,0,,70.3,71,1,77,0
7/10/2016,16:10:00,off,heatOff,,Home,76,68,70.3,71,77.6,5,0,0,0,,70.3,71,1,77,0
7/10/2016,16:15:00,off,heatOff,,Home,76,68,70.4,71,77.6,5,0,0,0,,70.4,71,1,77.1,0
7/10/2016,16:20:00,off,heatOff,,Home,76,68,70.4,71,77.6,5,0,0,0,,70.4,71,1,77.2,0
7/10/2016,16:25:00,off,heatOff,,Home,76,68,70.3,71,77.6,5,0,0,0,,70.3,71,1,77.2,0
7/10/2016,16:30:00,off,heatOff,,Home,76,68,70.4,71,77.2,6,0,0,0,,70.4,71,1,77.2,0
7/10/2016,16:35:00,off,heatOff,,Home,76,68,70.4,71,77.2,6,0,0,0,,70.4,71,1,77.3,0
7/10/2016,16:40:00,off,heatOff,,Home,76,68,70.5,71,77.2,6,0,0,0,,70.5,71,1,77.4,0
7/10/2016,16:45:00,off,heatOff,,Home,76,68,70.5,71,77.2,6,0,0,0,,70.5,71,1,77.4,0
7/10/2016,16:50:00,off,heatOff,,Home,76,68,70.2,72,77.2,6,0,0,0,,70.2,72,1,77.4,1
7/10/2016,16:55:00,off,heatOff,,Home,76,68,70.1,73,77.2,6,0,0,0,,70.1,73,1,77.4,1
7/10/2016,17:00:00,off,heatOff,,Home,76,68,69.9,74,77.2,9,0,0,0,,69.9,74,1,77.6,0
7/10/2016,17:05:00,off,heatOff,,Home,76,68,69.9,74,77.2,9,0,0,0,,69.9,74,1,77.6,0
7/10/2016,17:10:00,off,heatOff,,Home,76,68,69.9,74,77.2,9,0,0,0,,69.9,74,1,77.6,1
7/10/2016,17:15:00,off,heatOff,,Home,76,68,69.8,74,77.2,9,0,0,0,,69.8,74,1,77.6,1
7/10/2016,17:20:00,off,heatOff,,Home,76,68,69.7,75,77.2,9,0,0,0,,69.7,75,1,77.6,0
7/10/2016,17:25:00,off,heatOff,,Home,76,68,69.8,75,77.2,9,0,0,0,,69.8,75,1,77.8,0
7/10/2016,17:30:00,off,heatOff,,Home,76,68,70.1,74,76.4,11,0,0,0,,70.1,74,1,77.8,0
7/10/2016,17:35:00,off,heatOff,,Home,76,68,70.3,75,76.4,11,0,0,0,,70.3,75,1,77.8,0
7/10/2016,17:40:00,off,heatOff,,Home,76,68,70.3,75,76.4,11,0,0,0,,70.3,75,1,77.8,0
7/10/2016,17:45:00,off,heatOff,,Home,76,68,70.4,75,76.4,11,0,0,0,,70.4,75,1,77.8,1
7/10/2016,17:50:00,off,heatOff,,Home,76,68,70.6,74,76.4,11,0,0,0,,70.6,74,1,78,1
7/10/2016,17:55:00,off,heatOff,,Home,76,68,70.8,74,76.4,11,0,0,0,,70.8,74,1,78,0
7/10/2016,18:00:00,off,heatOff,,Home,76,68,70.7,75,76.4,11,0,0,0,,70.7,75,1,78,0
7/10/2016,18:05:00,off,heatOff,,Home,76,68,70.7,75,76.4,11,0,0,0,,70.7,75,1,78,0
7/10/2016,18:10:00,off,heatOff,,Home,76,68,70.7,75,76.4,11,0,0,0,,70.7,75,1,78,0
7/10/2016,18:15:00,off,heatOff,,Home,76,68,70.6,75,76.4,11,0,0,0,,70.6,75,1,78,0
7/10/2016,18:20:00,off,heatOff,,Home,76,68,70.7,75,76.4,11,0,0,0,,70.7,75,1,78,1
7/10/2016,18:25:00,off,heatOff,,Home,76,68,70.8,75,76.4,11,0,0,0,,70.8,75,1,78.3,1
7/10/2016,18:30:00,off,heatOff,,Home,76,68,70.9,75,76.4,11,0,0,0,,70.9,75,1,78.3,1
7/10/2016,18:35:00,off,heatOff,,Home,76,68,71.6,73,76.4,11,0,0,0,,71.6,73,1,78.3,0
7/10/2016,18:40:00,off,heatOff,,Home,76,68,72.3,70,76.4,11,0,0,0,,72.3,70,0,78.4,0
7/10/2016,18:45:00,off,heatOff,,Home,76,68,73.1,69,76.4,11,0,0,0,,73.1,69,0,78.5,0
7/10/2016,18:50:00,off,heatOff,,Home,76,68,73.7,68,76.4,11,0,0,0,,73.7,68,0,78.5,0
7/10/2016,18:55:00,off,heatOff,,Home,76,68,73.9,68,76.4,11,0,0,0,,73.9,68,0,78.5,0
7/10/2016,19:00:00,off,heatOff,,Home,76,68,74,68,76.9,12,0,0,0,,74,68,1,78.3,0
7/10/2016,19:05:00,off,heatOff,,Home,76,68,74.1,68,76.9,12,0,0,0,,74.1,68,0,78.3,1
7/10/2016,19:10:00,off,heatOff,,Home,76,68,74.1,68,76.9,12,0,0,0,,74.1,68,0,78.3,1
7/10/2016,19:15:00,off,heatOff,,Home,76,68,74.1,68,76.9,12,0,0,0,,74.1,68,0,78.2,0
7/10/2016,19:20:00,off,heatOff,,Home,76,68,74.1,68,76.9,12,0,0,0,,74.1,68,0,78.2,0
7/10/2016,19:25:00,off,heatOff,,Home,76,68,74.1,67,76.9,12,0,0,0,,74.1,67,0,78.2,0
7/10/2016,19:30:00,off,heatOff,,Home,76,68,74.6,65,76.8,10,0,0,0,,74.6,65,0,78.2,0
7/10/2016,19:35:00,off,heatOff,,Home,76,68,75.4,64,76.8,10,0,0,0,,75.4,64,0,78.2,0
7/10/2016,19:40:00,off,heatOff,,Home,76,68,76,63,76.8,10,0,0,0,,76,63,0,78.2,0
7/10/2016,19:45:00,off,heatOff,,Home,76,68,76.4,62,76.8,10,0,0,0,,76.4,62,0,78,0
7/10/2016,19:50:00,off,heatOff,,Home,76,68,76,63,76.8,10,0,0,0,,76,63,1,78,0
7/10/2016,19:55:00,off,heatOff,,Home,76,68,74,68,76.8,10,0,0,0,,74,68,0,78,0
7/10/2016,20:00:00,off,heatOff,,Home,76,68,73.1,70,75.1,10,0,0,0,,73.1,70,1,77.8,0
7/10/2016,20:05:00,off,heatOff,,Home,76,68,72.8,71,75.1,10,0,0,0,,72.8,71,1,77.8,0
7/10/2016,20:10:00,off,heatOff,,Home,76,68,72.9,70,75.1,10,0,0,0,,72.9,70,1,77.8,0
7/10/2016,20:15:00,off,heatOff,,Home,76,68,74,68,75.1,10,0,0,0,,74,68,1,77.8,0
7/10/2016,20:20:00,off,heatOff,,Home,76,68,74.2,69,75.1,10,0,0,0,,74.2,69,1,77.8,0
7/10/2016,20:25:00,off,heatOff,,Home,76,68,74.3,70,75.1,10,0,0,0,,74.3,70,0,77.8,0
7/10/2016,20:30:00,off,heatOff,,Home,76,68,74.3,70,74,9,0,0,0,,74.3,70,0,77.6,0
7/10/2016,20:35:00,off,heatOff,,Home,76,68,74.3,69,74,9,0,0,0,,74.3,69,0,77.6,0
7/10/2016,20:40:00,off,heatOff,,Home,76,68,74.3,69,74,9,0,0,0,,74.3,69,0,77.6,0
7/10/2016,20:45:00,off,heatOff,,Home,76,68,74.3,69,74,9,0,0,0,,74.3,69,0,77.6,0
7/10/2016,20:50:00,off,heatOff,,Home,76,68,74.2,69,74,9,0,0,0,,74.2,69,0,77.6,0
7/10/2016,20:55:00,off,heatOff,,Home,76,68,74.3,69,74,9,0,0,0,,74.3,69,0,77.4,0
7/10/2016,21:00:00,off,heatOff,,Home,76,68,74.3,69,73.2,9,0,0,0,,74.3,69,0,77.4,0
7/10/2016,21:05:00,off,heatOff,,Home,76,68,74.3,69,73.2,9,0,0,0,,74.3,69,1,77.4,0
7/10/2016,21:10:00,off,heatOff,,Home,76,68,74.3,69,73.2,9,0,0,0,,74.3,69,0,77.4,0
7/10/2016,21:15:00,off,heatOff,,Home,76,68,74.3,69,73.2,9,0,0,0,,74.3,69,0,77.4,0
7/10/2016,21:20:00,off,heatOff,,Home,76,68,74.4,69,73.2,9,0,0,0,,74.4,69,1,77.4,0
7/10/2016,21:25:00,off,heatOff,,Home,76,68,74.3,69,73.2,9,0,0,0,,74.3,69,0,77.4,0
7/10/2016,21:30:00,off,heatOff,,Home,76,68,74.4,69,73.3,6,0,0,0,,74.4,69,0,77.3,0
7/10/2016,21:35:00,off,heatOff,,Home,76,68,74.5,68,73.3,6,0,0,0,,74.5,68,1,77.2,0
7/10/2016,21:40:00,off,heatOff,,Home,76,68,74.4,68,73.3,6,0,0,0,,74.4,68,1,77.2,1
7/10/2016,21:45:00,off,heatOff,,Home,76,68,74.5,68,73.3,6,0,0,0,,74.5,68,0,77.2,1
7/10/2016,21:50:00,off,heatOff,,Home,76,68,74.4,68,73.3,6,0,0,0,,74.4,68,1,77.2,1
7/10/2016,21:55:00,off,heatOff,,Home,76,68,74.4,68,73.3,6,0,0,0,,74.4,68,0,77.2,1
7/10/2016,22:00:00,off,heatOff,,Home,76,68,74.4,67,72.8,6,0,0,0,,74.4,67,0,77.8,1
7/10/2016,22:05:00,off,heatOff,,Home,76,68,74.4,68,72.8,6,0,0,0,,74.4,68,0,78.2,1
7/10/2016,22:10:00,off,heatOff,,Home,76,68,74.4,68,72.8,6,0,0,0,,74.4,68,0,77.8,1
7/10/2016,22:15:00,off,heatOff,,Home,76,68,74.2,68,72.8,6,0,0,0,,74.2,68,0,77.6,1
7/10/2016,22:20:00,off,heatOff,,Home,76,68,74.2,69,72.8,6,0,0,0,,74.2,69,0,77.6,1
7/10/2016,22:25:00,off,heatOff,,Home,76,68,74.3,69,72.8,6,0,0,0,,74.1,69,0,77.4,1
7/10/2016,22:30:00,off,heatOff,,Home,76,68,74.9,68,72.1,6,0,0,0,,74.2,68,1,77.4,0
7/10/2016,22:35:00,off,heatOff,,Home,76,68,75.7,67,72.1,6,0,0,0,,74.7,67,0,77.4,1
7/10/2016,22:40:00,off,heatOff,,Home,76,68,76.2,66,72.1,6,0,0,0,,75.4,66,0,77,1
7/10/2016,22:45:00,off,heatOff,,Home,76,68,76.4,65,72.1,6,0,0,0,,76,65,0,76.7,1
7/10/2016,22:50:00,off,heatOff,,Home,76,68,76.6,65,72.1,6,0,0,0,,76.3,65,0,76.7,1
7/10/2016,22:55:00,off,heatOff,,Home,74.3,64.6,76.6,64,72.1,6,0,0,0,,76.5,64,0,76.7,1
7/10/2016,23:00:00,off,heatOff,,Sleep,74,64,76.5,63,71.2,6,0,0,0,,76.6,63,0,76.5,1
7/10/2016,23:05:00,off,heatOff,,Sleep,74,64,76.5,63,71.2,6,0,0,0,,76.7,63,0,76.5,0
7/10/2016,23:10:00,off,heatOff,,Sleep,74,64,76.5,63,71.2,6,0,0,0,,76.7,63,0,76.5,0
7/10/2016,23:15:00,off,heatOff,,Sleep,74,64,76.3,63,71.2,6,0,0,0,,76.8,63,0,76.3,1
7/10/2016,23:20:00,off,heatOff,,Sleep,74,64,76.3,63,71.2,6,0,0,0,,76.8,63,1,76.3,1
7/10/2016,23:25:00,off,heatOff,,Sleep,74,64,76.3,63,71.2,6,0,0,0,,76.8,63,1,76.3,1
7/10/2016,23:30:00,off,heatOff,,Sleep,74,64,76.3,63,72.2,6,0,0,0,,76.8,63,1,76.3,0
7/10/2016,23:35:00,off,heatOff,,Sleep,74,64,76.1,63,72.2,6,0,0,0,,76.8,63,0,76.1,1
7/10/2016,23:40:00,off,heatOff,,Sleep,74,64,75.9,63,72.2,6,0,0,0,,76.8,63,0,75.9,1
7/10/2016,23:45:00,off,heatOff,,Sleep,74,64,76,63,72.2,6,0,0,0,,76.9,63,1,76,0
7/10/2016,23:50:00,off,heatOff,,Sleep,74,64,75.9,63,72.2,6,0,0,0,,76.8,63,0,75.9,1
7/10/2016,23:55:00,off,heatOff,,Sleep,74,64,75.9,63,72.2,6,0,0,0,,76.8,63,1,75.9,1
7/11/2016,0:00:00,off,heatOff,,Sleep,74,64,75.8,63,71.6,7,0,0,0,,76.8,63,0,75.8,1
7/11/2016,0:05:00,off,heatOff,,Sleep,74,64,75.8,63,71.6,7,0,0,0,,76.8,63,0,75.8,1
7/11/2016,0:10:00,off,heatOff,,Sleep,74,64,76,63,71.6,7,0,0,0,,76.8,63,0,76,1
7/11/2016,0:15:00,off,heatOff,,Sleep,74,64,76.1,63,71.6,7,0,0,0,,76.8,63,0,76.1,0
7/11/2016,0:20:00,off,heatOff,,Sleep,74,64,76.1,63,71.6,7,0,0,0,,76.7,63,0,76.1,0
7/11/2016,0:25:00,cool,heatOff,,Sleep,74,64,76.1,63,71.6,7,285,0,285,,76.7,63,1,76.1,1
7/11/2016,0:30:00,cool,compressorCoolStage1On,,Sleep,74,64,76.3,60,71.6,9,300,0,300,,76.6,60,0,76.3,1
7/11/2016,0:35:00,cool,compressorCoolStage1On,,Sleep,74,64,76.2,57,71.6,9,300,0,300,,76.3,57,0,76.2,0
7/11/2016,0:40:00,cool,compressorCoolStage1On,,Sleep,74,64,76,54,71.6,9,300,0,300,,76,54,0,76,0
7/11/2016,0:45:00,cool,compressorCoolStage1On,,Sleep,74,64,75.7,53,71.6,9,300,0,300,,75.7,53,0,75.7,0
7/11/2016,0:50:00,cool,compressorCoolStage1On,,Sleep,74,64,75.6,51,71.6,9,300,0,300,,75.5,51,0,75.6,0
7/11/2016,0:55:00,cool,compressorCoolStage1On,,Sleep,74,64,75.5,51,71.6,9,300,0,300,,75.3,51,0,75.5,0
7/11/2016,1:00:00,cool,compressorCoolStage1On,,Sleep,74,64,75.3,50,71.1,9,300,0,300,,75,50,0,75.3,0
7/11/2016,1:05:00,cool,compressorCoolStage1On,,Sleep,74,64,75.1,50,71.1,9,300,0,300,,74.8,50,0,75.1,0
7/11/2016,1:10:00,cool,compressorCoolStage1On,,Sleep,74,64,74.9,50,71.1,9,300,0,300,,74.6,50,0,74.9,0
7/11/2016,1:15:00,cool,compressorCoolStage1On,,Sleep,74,64,74.8,48,71.1,9,300,0,300,,74.5,48,0,74.8,0
7/11/2016,1:20:00,cool,compressorCoolStage1On,,Sleep,74,64,74.7,48,71.1,9,300,0,300,,74.4,48,0,74.7,0
7/11/2016,1:25:00,cool,compressorCoolStage1On,,Sleep,74,64,74.6,48,71.1,9,300,0,300,,74.3,48,0,74.6,0
7/11/2016,1:30:00,cool,compressorCoolStage1On,,Sleep,74,64,74.5,47,71.4,10,300,0,300,,74.1,47,0,74.5,0
7/11/2016,1:35:00,cool,compressorCoolStage1On,,Sleep,74,64,74.5,47,71.4,10,300,0,300,,74,47,0,74.5,0
7/11/2016,1:40:00,cool,compressorCoolStage1On,,Sleep,74,64,74.4,47,71.4,10,300,0,300,,73.9,47,0,74.4,0
7/11/2016,1:45:00,cool,compressorCoolStage1On,,Sleep,74,64,74.3,47,71.4,10,300,0,300,,73.7,47,0,74.3,0
7/11/2016,1:50:00,cool,compressorCoolStage1On,,Sleep,74,64,74.2,47,71.4,10,300,0,300,,73.6,47,0,74.2,0
7/11/2016,1:55:00,cool,compressorCoolStage1On,,Sleep,74,64,74.1,47,71.4,10,300,0,300,,73.5,47,0,74.1,0
7/11/2016,2:00:00,cool,compressorCoolStage1On,,Sleep,74,64,74,46,70.5,10,255,0,300,,73.4,46,0,74,0
7/11/2016,2:05:00,cool,compressorCoolOff,,Sleep,74,64,73.9,46,70.5,10,0,0,0,,73.2,46,0,73.9,0
7/11/2016,2:10:00,cool,compressorCoolOff,,Sleep,74,64,73.9,47,70.5,10,0,0,0,,73.2,47,0,73.9,0
7/11/2016,2:15:00,cool,compressorCoolOff,,Sleep,74,64,74.3,48,70.5,10,30,0,30,,73.4,48,0,74.3,0
7/11/2016,2:20:00,cool,compressorCoolStage1On,,Sleep,74,64,74.8,48,70.5,10,300,0,300,,73.6,48,0,74.8,0
7/11/2016,2:25:00,cool,compressorCoolStage1On,,Sleep,74,64,74.7,47,70.5,10,300,0,300,,73.6,47,0,74.7,0
7/11/2016,2:30:00,cool,compressorCoolStage1On,,Sleep,74,64,74.4,47,70,9,300,0,300,,73.4,47,0,74.4,0
7/11/2016,2:35:00,cool,compressorCoolStage1On,,Sleep,74,64,74,47,70,9,270,0,300,,73.2,47,0,74,0
7/11/2016,2:40:00,cool,compressorCoolOff,,Sleep,74,64,73.9,47,70,9,0,0,15,,72.9,47,0,73.9,0
7/11/2016,2:45:00,cool,compressorCoolOff,,Sleep,74,64,73.9,47,70,9,0,0,0,,72.9,47,0,73.9,0
7/11/2016,2:50:00,cool,compressorCoolOff,,Sleep,74,64,74.3,48,70,9,30,0,30,,73.1,48,0,74.3,0
7/11/2016,2:55:00,cool,compressorCoolStage1On,,Sleep,74,64,74.6,48,70,9,300,0,300,,73.4,48,0,74.6,0
7/11/2016,3:00:00,cool,compressorCoolStage1On,,Sleep,74,64,74.5,46,69.4,9,300,0,300,,73.4,46,0,74.5,0
7/11/2016,3:05:00,cool,compressorCoolStage1On,,Sleep,74,64,74.2,46,69.4,9,285,0,300,,73.1,46,0,74.2,0
7/11/2016,3:10:00,cool,compressorCoolOff,,Sleep,74,64,73.9,46,69.4,9,0,0,30,,72.9,46,0,73.9,0
7/11/2016,3:15:00,cool,compressorCoolOff,,Sleep,74,64,73.9,48,69.4,9,0,0,0,,72.8,48,0,73.9,0
7/11/2016,3:20:00,cool,compressorCoolOff,,Sleep,74,64,74.2,48,69.4,9,0,0,0,,73.1,48,0,74.2,0
7/11/2016,3:25:00,cool,compressorCoolOff,,Sleep,74,64,74.4,48,69.4,9,285,0,285,,73.3,48,0,74.4,0
7/11/2016,3:30:00,cool,compressorCoolStage1On,,Sleep,74,64,74.5,47,69.3,9,300,0,300,,73.2,47,0,74.5,0
7/11/2016,3:35:00,cool,compressorCoolStage1On,,Sleep,74,64,74.1,46,69.3,9,300,0,300,,73,46,0,74.1,0
7/11/2016,3:40:00,cool,compressorCoolStage1On,,Sleep,74,64,73.7,46,69.3,9,45,0,90,,72.7,46,0,73.7,0
7/11/2016,3:45:00,cool,compressorCoolOff,,Sleep,74,64,73.7,47,69.3,9,0,0,0,,72.5,47,0,73.7,0
7/11/2016,3:50:00,cool,compressorCoolOff,,Sleep,74,64,73.8,48,69.3,9,0,0,0,,72.6,48,0,73.8,0
7/11/2016,3:55:00,cool,compressorCoolOff,,Sleep,74,64,74.2,48,69.3,9,0,0,0,,72.8,48,0,74.2,0
7/11/2016,4:00:00,cool,compressorCoolOff,,Sleep,74,64,74.4,48,68.7,7,255,0,255,,73,48,0,74.4,0
7/11/2016,4:05:00,cool,compressorCoolStage1On,,Sleep,74,64,74.5,48,68.7,7,300,0,300,,73,48,0,74.5,0
7/11/2016,4:10:00,cool,compressorCoolStage1On,,Sleep,74,64,73.9,46,68.7,7,30,0,75,,72.7,46,0,73.9,0
7/11/2016,4:15:00,cool,compressorCoolOff,,Sleep,74,64,73.7,48,68.7,7,0,0,0,,72.5,48,0,73.7,0
7/11/2016,4:20:00,cool,compressorCoolOff,,Sleep,74,64,74,48,68.7,7,0,0,0,,72.5,48,0,74,0
7/11/2016,4:25:00,cool,compressorCoolOff,,Sleep,74,64,74.2,48,68.7,7,0,0,0,,72.7,48,0,74.2,0
7/11/2016,4:30:00,cool,compressorCoolOff,,Sleep,74,64,74.4,48,68.5,7,255,0,255,,72.9,48,0,74.4,0
7/11/2016,4:35:00,cool,compressorCoolStage1On,,Sleep,74,64,74.5,48,68.5,7,300,0,300,,72.9,48,0,74.5,0
7/11/2016,4:40:00,cool,compressorCoolStage1On,,Sleep,74,64,73.9,48,68.5,7,45,0,90,,72.6,48,0,73.9,0
7/11/2016,4:45:00,cool,compressorCoolOff,,Sleep,74,64,73.7,48,68.5,7,0,0,0,,72.3,48,0,73.7,0
7/11/2016,4:50:00,cool,compressorCoolOff,,Sleep,74,64,74,48,68.5,7,0,0,0,,72.4,48,0,74,0
7/11/2016,4:55:00,cool,compressorCoolOff,,Sleep,74,64,74.2,49,68.5,7,0,0,0,,72.5,49,0,74.2,0
7/11/2016,5:00:00,cool,compressorCoolOff,,Sleep,74,64,74.4,49,68,6,225,0,225,,72.7,49,0,74.4,0
7/11/2016,5:05:00,cool,compressorCoolStage1On,,Sleep,74,64,74.2,48,68,6,300,0,300,,72.7,48,0,74.2,0
7/11/2016,5:10:00,cool,compressorCoolStage1On,,Sleep,74,64,73.8,48,68,6,105,0,150,,72.4,48,0,73.8,0
7/11/2016,5:15:00,cool,compressorCoolOff,,Sleep,74,64,73.7,48,68,6,0,0,0,,72.1,48,0,73.7,0
7/11/2016,5:20:00,cool,compressorCoolOff,,Sleep,74,64,73.8,48,68,6,0,0,0,,72.1,48,0,73.8,0
7/11/2016,5:25:00,cool,compressorCoolOff,,Sleep,74,64,74,49,68,6,0,0,0,,72.3,49,0,74,0
7/11/2016,5:30:00,cool,compressorCoolOff,,Sleep,74,64,74.2,49,67.6,7,45,0,45,,72.5,49,0,74.2,0
7/11/2016,5:35:00,cool,compressorCoolStage1On,,Sleep,74,64,74.4,49,67.6,7,300,0,300,,72.6,49,0,74.4,1
7/11/2016,5:40:00,cool,compressorCoolStage1On,,Sleep,74,64,74.2,48,67.6,7,270,0,300,,72.5,48,0,74.2,1
7/11/2016,5:45:00,cool,compressorCoolOff,,Sleep,74,64,73.6,48,67.6,7,0,0,15,,72.1,48,0,73.6,0
7/11/2016,5:50:00,cool,compressorCoolOff,,Sleep,74,64,73.5,48,67.6,7,0,0,0,,72,48,0,73.5,0
7/11/2016,5:55:00,cool,compressorCoolOff,,Sleep,74,64,73.9,49,67.6,7,0,0,0,,72.1,49,0,73.9,0
7/11/2016,6:00:00,cool,compressorCoolOff,,Sleep,74,64,74.1,49,67.4,7,0,0,0,,72.2,49,0,74.1,0
7/11/2016,6:05:00,cool,compressorCoolOff,,Sleep,74,64,74.1,49,67.4,7,0,0,0,,72.4,49,0,74.1,0
7/11/2016,6:10:00,cool,compressorCoolOff,,Sleep,74,64,74.2,49,67.4,7,0,0,0,,72.5,49,0,74.2,0
7/11/2016,6:15:00,cool,compressorCoolOff,,Sleep,74,64,74.3,49,67.4,7,0,0,0,,72.5,49,0,74.3,0
7/11/2016,6:20:00,cool,compressorCoolOff,,Sleep,74,64,74.3,49,67.4,7,0,0,0,,72.5,49,0,74.3,0
7/11/2016,6:25:00,cool,compressorCoolOff,,Sleep,74,64,74.4,49,67.4,7,285,0,285,,72.6,49,0,74.4,0
7/11/2016,6:30:00,cool,compressorCoolStage1On,,Sleep,74,64,74.3,48,67.8,7,300,0,300,,72.4,48,0,74.3,0
7/11/2016,6:35:00,cool,compressorCoolStage1On,,Sleep,74,64,73.7,48,67.8,7,30,0,75,,72,48,0,73.7,0
7/11/2016,6:40:00,cool,compressorCoolOff,,Sleep,74,64,73.5,49,67.8,7,0,0,0,,71.8,49,0,73.5,0
7/11/2016,6:45:00,cool,compressorCoolOff,,Sleep,74,64,73.6,49,67.8,7,0,0,0,,71.8,49,0,73.6,0
7/11/2016,6:50:00,cool,compressorCoolOff,,Sleep,74,64,73.8,49,67.8,7,0,0,0,,71.9,49,0,73.8,0
7/11/2016,6:55:00,cool,compressorCoolOff,,Sleep,74,64,74,49,67.8,7,0,0,0,,72,49,0,74,0
7/11/2016,7:00:00,cool,compressorCoolOff,,Sleep,74,64,74.2,49,68.8,7,0,0,0,,72.1,49,0,74.2,0
7/11/2016,7:05:00,cool,compressorCoolOff,,Sleep,74,64,74.3,49,68.8,7,0,0,0,,72.2,49,0,74.3,0
7/11/2016,7:10:00,cool,compressorCoolOff,,Sleep,74,64,74.4,49,68.8,7,225,0,225,,72.2,49,0,74.4,0
7/11/2016,7:15:00,cool,compressorCoolStage1On,,Sleep,74,64,74.1,49,68.8,7,300,0,300,,72.1,49,0,74.1,0
7/11/2016,7:20:00,cool,compressorCoolStage1On,,Sleep,74,64,73.8,49,68.8,7,105,0,150,,71.8,49,0,73.8,0
7/11/2016,7:25:00,cool,compressorCoolOff,,Sleep,74,64,73.5,49,68.8,7,0,0,0,,71.5,49,0,73.5,1
7/11/2016,7:30:00,cool,compressorCoolOff,,Sleep,74,64,73.6,49,70,11,0,0,0,,71.5,49,0,73.6,1
7/11/2016,7:35:00,cool,compressorCoolOff,,Sleep,74,64,73.8,49,70,11,0,0,0,,71.7,49,0,73.8,0
7/11/2016,7:40:00,cool,compressorCoolOff,,Sleep,74,64,74,49,70,11,0,0,0,,71.8,49,0,74,0
7/11/2016,7:45:00,cool,compressorCoolOff,,Sleep,74,64,74.1,49,70,11,0,0,0,,72,49,0,74.1,0
7/11/2016,7:50:00,cool,compressorCoolOff,,Sleep,74,64,74.1,49,70,11,0,0,0,,72,49,0,74.1,0
7/11/2016,7:55:00,cool,compressorCoolOff,,Sleep,74,64,74.2,51,70,11,0,0,0,,72.2,51,0,74.2,0
7/11/2016,8:00:00,cool,compressorCoolOff,,Sleep,74,64,74.3,51,72,11,0,0,0,,72.2,51,0,74.3,0
7/11/2016,8:05:00,cool,compressorCoolOff,,Sleep,74,64,74.3,52,72,11,0,0,0,,72.3,52,0,74.3,0
7/11/2016,8:10:00,cool,compressorCoolOff,,Sleep,74,64,74.3,53,72,11,0,0,0,,72.4,53,0,74.3,0
7/11/2016,8:15:00,cool,compressorCoolOff,,Sleep,74,64,74.3,53,72,11,0,0,0,,72.4,53,0,74.3,0
7/11/2016,8:20:00,cool,compressorCoolOff,,Sleep,74,64,74.4,53,72,11,240,0,240,,72.4,53,0,74.4,0
,,,,,,,,,,,,,,,,,,,,
,,,,,,,,,,,,,,,,,,,,
,,,,,,,,,,,,,,,,,,,,
,,,,,,,,,,,,,,,,,,,,
,,,,,,,,,,,,,,,,,,,,
,,,,,,,,,,,,,,,,,,,,
,,,,,,,,,,,,,,,,,,,,
,,,,,,,,,,,,,,,,,,,,
,,,,,,,,,,,,,,,,,,,,
,,,,,,,,,,,,,,,,,,,,
,,,,,,,,,,,,,,,,,,,,
,,,,,,,,,,,,,,,,,,,,
,,,,,,,,,,,,,,,,,,,,
,,,,,,,,,,,,,,,,,,,,
,,,,,,,,,,,,,,,,,,,,
,,,,,,,,,,,,,,,,,,,,
,,,,,,,,,,,,,,,,,,,,
,,,,,,,,,,,,,,,,,,,,
,,,,,,,,,,,,,,,,,,,,
,,,,,,,,,,,,,,,,,,,,
,,,,,,,,,,,,,,,,,,,,
,,,,,,,,,,,,,,,,,,,,
,,,,,,,,,,,,,,,,,,,,
,,,,,,,,,,,,,,,,,,,,
,,,,,,,,,,,,,,,,,,,,
,,,,,,,,,,,,,,,,,,,,
,,,,,,,,,,,,,,,,,,,,
,,,,,,,,,,,,,,,,,,,,
,,,,,,,,,,,,,,,,,,,,
,,,,,,,,,,,,,,,,,,,,
,,,,,,,,,,,,,,,,,,,,
,,,,,,,,,,,,,,,,,,,,
,,,,,,,,,,,,,,,,,,,,
,,,,,,,,,,,,,,,,,,,,
,,,,,,,,,,,,,,,,,,,,
,,,,,,,,,,,,,,,,,,,,
,,,,,,,,,,,,,,,,,,,,
,,,,,,,,,,,,,,,,,,,,
,,,,,,,,,,,,,,,,,,,,
,,,,,,,,,,,,,,,,,,,,
,,,,,,,,,,,,,,,,,,,,
,,,,,,,,,,,,,,,,,,,,
,,,,,,,,,,,,,,,,,,,,
,,,,,,,,,,,,,,,,,,,,
,,,,,,,,,,,,,,,,,,,,
,,,,,,,,,,,,,,,,,,,,
,,,,,,,,,,,,,,,,,,,,
,,,,,,,,,,,,,,,,,,,,
,,,,,,,,,,,,,,,,,,,,
,,,,,,,,,,,,,,,,,,,,
,,,,,,,,,,,,,,,,,,,,
,,,,,,,,,,,,,,,,,,,,
,,,,,,,,,,,,,,,,,,,,
,,,,,,,,,,,,,,,,,,,,
,,,,,,,,,,,,,,,,,,,,
,,,,,,,,,,,,,,,,,,,,
,,,,,,,,,,,,,,,,,,,,
,,,,,,,,,,,,,,,,,,,,
,,,,,,,,,,,,,,,,,,,,
,,,,,,,,,,,,,,,,,,,,
,,,,,,,,,,,,,,,,,,,,
,,,,,,,,,,,,,,,,,,,,
,,,,,,,,,,,,,,,,,,,,
,,,,,,,,,,,,,,,,,,,,
,,,,,,,,,,,,,,,,,,,,
,,,,,,,,,,,,,,,,,,,,
,,,,,,,,,,,,,,,,,,,,
,,,,,,,,,,,,,,,,,,,,
,,,,,,,,,,,,,,,,,,,,
,,,,,,,,,,,,,,,,,,,,
,,,,,,,,,,,,,,,,,,,,
,,,,,,,,,,,,,,,,,,,,
,,,,,,,,,,,,,,,,,,,,
,,,,,,,,,,,,,,,,,,,,
,,,,,,,,,,,,,,,,,,,,
,,,,,,,,,,,,,,,,,,,,
,,,,,,,,,,,,,,,,,,,,
,,,,,,,,,,,,,,,,,,,,
,,,,,,,,,,,,,,,,,,,,
,,,,,,,,,,,,,,,,,,,,
,,,,,,,,,,,,,,,,,,,,
,,,,,,,,,,,,,,,,,,,,
,,,,,,,,,,,,,,,,,,,,
,,,,,,,,,,,,,,,,,,,,
,,,,,,,,,,,,,,,,,,,,
,,,,,,,,,,,,,,,,,,,,
,,,,,,,,,,,,,,,,,,,,
,,,,,,,,,,,,,,,,,,,,
,,,,,,,,,,,,,,,,,,,,
,,,,,,,,,,,,,,,,,,,,
,,,,,,,,,,,,,,,,,,,,
,,,,,,,,,,,,,,,,,,,,
,,,,,,,,,,,,,,,,,,,,
,,,,,,,,,,,,,,,,,,,,
,,,,,,,,,,,,,,,,,,,,
,,,,,,,,,,,,,,,,,,,,
,,,,,,,,,,,,,,,,,,,,
,,,,,,,,,,,,,,,,,,,,
,,,,,,,,,,,,,,,,,,,,
,,,,,,,,,,,,,,,,,,,,
,,,,,,,,,,,,,,,,,,,,
,,,,,,,,,,,,,,,,,,,,
,,,,,,,,,,,,,,,,,,,,
,,,,,,,,,,,,,,,,,,,,
,,,,,,,,,,,,,,,,,,,,
,,,,,,,,,,,,,,,,,,,,
,,,,,,,,,,,,,,,,,,,,
,,,,,,,,,,,,,,,,,,,,
,,,,,,,,,,,,,,,,,,,,
,,,,,,,,,,,,,,,,,,,,
,,,,,,,,,,,,,,,,,,,,
,,,,,,,,,,,,,,,,,,,,
,,,,,,,,,,,,,,,,,,,,
,,,,,,,,,,,,,,,,,,,,
,,,,,,,,,,,,,,,,,,,,
,,,,,,,,,,,,,,,,,,,,
,,,,,,,,,,,,,,,,,,,,
,,,,,,,,,,,,,,,,,,,,
,,,,,,,,,,,,,,,,,,,,
,,,,,,,,,,,,,,,,,,,,
,,,,,,,,,,,,,,,,,,,,
,,,,,,,,,,,,,,,,,,,,
,,,,,,,,,,,,,,,,,,,,
,,,,,,,,,,,,,,,,,,,,
,,,,,,,,,,,,,,,,,,,,
,,,,,,,,,,,,,,,,,,,,
,,,,,,,,,,,,,,,,,,,,
,,,,,,,,,,,,,,,,,,,,
,,,,,,,,,,,,,,,,,,,,
,,,,,,,,,,,,,,,,,,,,
,,,,,,,,,,,,,,,,,,,,
,,,,,,,,,,,,,,,,,,,,
,,,,,,,,,,,,,,,,,,,,
,,,,,,,,,,,,,,,,,,,,
,,,,,,,,,,,,,,,,,,,,
,,,,,,,,,,,,,,,,,,,,
,,,,,,,,,,,,,,,,,,,,
,,,,,,,,,,,,,,,,,,,,
,,,,,,,,,,,,,,,,,,,,
,,,,,,,,,,,,,,,,,,,,
,,,,,,,,,,,,,,,,,,,,
,,,,,,,,,,,,,,,,,,,,
,,,,,,,,,,,,,,,,,,,,
,,,,,,,,,,,,,,,,,,,,
,,,,,,,,,,,,,,,,,,,,
,,,,,,,,,,,,,,,,,,,,
,,,,,,,,,,,,,,,,,,,,
,,,,,,,,,,,,,,,,,,,,
,,,,,,,,,,,,,,,,,,,,
,,,,,,,,,,,,,,,,,,,,
,,,,,,,,,,,,,,,,,,,,
,,,,,,,,,,,,,,,,,,,,
,,,,,,,,,,,,,,,,,,,,
,,,,,,,,,,,,,,,,,,,,
,,,,,,,,,,,,,,,,,,,,
,,,,,,,,,,,,,,,,,,,,
,,,,,,,,,,,,,,,,,,,,
,,,,,,,,,,,,,,,,,,,,
,,,,,,,,,,,,,,,,,,,,
,,,,,,,,,,,,,,,,,,,,
,,,,,,,,,,,,,,,,,,,,
,,,,,,,,,,,,,,,,,,,,
,,,,,,,,,,,,,,,,,,,,
,,,,,,,,,,,,,,,,,,,,
,,,,,,,,,,,,,,,,,,,,
,,,,,,,,,,,,,,,,,,,,
,,,,,,,,,,,,,,,,,,,,
,,,,,,,,,,,,,,,,,,,,
,,,,,,,,,,,,,,,,,,,,
,,,,,,,,,,,,,,,,,,,,
,,,,,,,,,,,,,,,,,,,,
,,,,,,,,,,,,,,,,,,,,
,,,,,,,,,,,,,,,,,,,,
,,,,,,,,,,,,,,,,,,,,
,,,,,,,,,,,,,,,,,,,,
,,,,,,,,,,,,,,,,,,,,
,,,,,,,,,,,,,,,,,,,,
,,,,,,,,,,,,,,,,,,,,
,,,,,,,,,,,,,,,,,,,,
,,,,,,,,,,,,,,,,,,,,
,,,,,,,,,,,,,,,,,,,,
,,,,,,,,,,,,,,,,,,,,
,,,,,,,,,,,,,,,,,,,,
,,,,,,,,,,,,,,,,,,,,
,,,,,,,,,,,,,,,,,,,,
,,,,,,,,,,,,,,,,,,,,
,,,,,,,,,,,,,,,,,,,,
